-- phpMyAdmin SQL Dump
-- version 4.1.14
-- http://www.phpmyadmin.net
--
-- Host: 127.0.0.1
-- Generation Time: 2016-11-10 03:11:28
-- 服务器版本： 5.6.17
-- PHP Version: 5.5.12

SET SQL_MODE = "NO_AUTO_VALUE_ON_ZERO";
SET time_zone = "+00:00";


/*!40101 SET @OLD_CHARACTER_SET_CLIENT=@@CHARACTER_SET_CLIENT */;
/*!40101 SET @OLD_CHARACTER_SET_RESULTS=@@CHARACTER_SET_RESULTS */;
/*!40101 SET @OLD_COLLATION_CONNECTION=@@COLLATION_CONNECTION */;
/*!40101 SET NAMES utf8 */;

--
-- Database: `weixin`
--

-- --------------------------------------------------------

--
-- 表的结构 `zyb_account`
--

CREATE TABLE IF NOT EXISTS `zyb_account` (
  `acid` int(10) unsigned NOT NULL AUTO_INCREMENT,
  `uniacid` int(10) unsigned NOT NULL,
  `hash` varchar(8) NOT NULL,
  `type` tinyint(3) unsigned NOT NULL,
  `isconnect` tinyint(4) NOT NULL,
  `isdeleted` tinyint(3) unsigned NOT NULL,
  PRIMARY KEY (`acid`),
  KEY `idx_uniacid` (`uniacid`)
) ENGINE=MyISAM  DEFAULT CHARSET=utf8 AUTO_INCREMENT=2 ;

--
-- 转存表中的数据 `zyb_account`
--

INSERT INTO `zyb_account` (`acid`, `uniacid`, `hash`, `type`, `isconnect`, `isdeleted`) VALUES
(1, 1, 'uRr8qvQV', 1, 1, 0);

-- --------------------------------------------------------

--
-- 表的结构 `zyb_account_wechats`
--

CREATE TABLE IF NOT EXISTS `zyb_account_wechats` (
  `acid` int(10) unsigned NOT NULL,
  `uniacid` int(10) unsigned NOT NULL,
  `token` varchar(32) NOT NULL,
  `access_token` varchar(1000) NOT NULL,
  `encodingaeskey` varchar(255) NOT NULL,
  `level` tinyint(4) unsigned NOT NULL,
  `name` varchar(30) NOT NULL,
  `account` varchar(30) NOT NULL,
  `original` varchar(50) NOT NULL,
  `signature` varchar(100) NOT NULL,
  `country` varchar(10) NOT NULL,
  `province` varchar(3) NOT NULL,
  `city` varchar(15) NOT NULL,
  `username` varchar(30) NOT NULL,
  `password` varchar(32) NOT NULL,
  `lastupdate` int(10) unsigned NOT NULL,
  `key` varchar(50) NOT NULL,
  `secret` varchar(50) NOT NULL,
  `styleid` int(10) unsigned NOT NULL,
  `subscribeurl` varchar(120) NOT NULL,
  `auth_refresh_token` varchar(255) NOT NULL,
  PRIMARY KEY (`acid`),
  KEY `idx_key` (`key`)
) ENGINE=MyISAM DEFAULT CHARSET=utf8;

--
-- 转存表中的数据 `zyb_account_wechats`
--

INSERT INTO `zyb_account_wechats` (`acid`, `uniacid`, `token`, `access_token`, `encodingaeskey`, `level`, `name`, `account`, `original`, `signature`, `country`, `province`, `city`, `username`, `password`, `lastupdate`, `key`, `secret`, `styleid`, `subscribeurl`, `auth_refresh_token`) VALUES
(1, 1, 'ea0fn2ncfpngb4movfhrkribqjejueqw', '', 'Ii9ri3IQZik6OQAmSudeXGY26vuz55jJx9Mp6Quu8mR', 1, '双木林', 'kissbin_zyb', 'gh_2bde2a4d784e', '', '', '', '', '', '', 0, 'wxf872698084f32897', '231cb685c30f91f2c288deecb3f522d8', 1, '', '');

-- --------------------------------------------------------

--
-- 表的结构 `zyb_activity_clerks`
--

CREATE TABLE IF NOT EXISTS `zyb_activity_clerks` (
  `id` int(10) unsigned NOT NULL AUTO_INCREMENT,
  `uniacid` int(10) unsigned NOT NULL,
  `uid` int(10) unsigned NOT NULL,
  `storeid` int(10) unsigned NOT NULL,
  `name` varchar(50) NOT NULL,
  `password` varchar(50) NOT NULL,
  `mobile` varchar(20) NOT NULL,
  `openid` varchar(50) NOT NULL,
  `nickname` varchar(30) NOT NULL,
  PRIMARY KEY (`id`),
  KEY `uniacid` (`uniacid`),
  KEY `password` (`password`),
  KEY `openid` (`openid`)
) ENGINE=MyISAM DEFAULT CHARSET=utf8 AUTO_INCREMENT=1 ;

-- --------------------------------------------------------

--
-- 表的结构 `zyb_activity_clerk_menu`
--

CREATE TABLE IF NOT EXISTS `zyb_activity_clerk_menu` (
  `id` int(11) NOT NULL AUTO_INCREMENT,
  `uniacid` int(11) NOT NULL,
  `displayorder` int(4) NOT NULL,
  `pid` int(6) NOT NULL,
  `group_name` varchar(20) NOT NULL,
  `title` varchar(20) NOT NULL,
  `icon` varchar(50) NOT NULL,
  `url` varchar(60) NOT NULL,
  `type` varchar(20) NOT NULL,
  `permission` varchar(50) NOT NULL,
  `system` int(2) NOT NULL,
  PRIMARY KEY (`id`)
) ENGINE=MyISAM  DEFAULT CHARSET=utf8 AUTO_INCREMENT=17 ;

--
-- 转存表中的数据 `zyb_activity_clerk_menu`
--

INSERT INTO `zyb_activity_clerk_menu` (`id`, `uniacid`, `displayorder`, `pid`, `group_name`, `title`, `icon`, `url`, `type`, `permission`, `system`) VALUES
(1, 0, 0, 0, 'mc', '快捷交易', '', '', '', 'mc_manage', 1),
(2, 0, 0, 1, '', '积分充值', 'fa fa-money', 'credit1', 'modal', 'mc_credit1', 1),
(3, 0, 0, 1, '', '余额充值', 'fa fa-cny', 'credit2', 'modal', 'mc_credit2', 1),
(4, 0, 0, 1, '', '消费', 'fa fa-usd', 'consume', 'modal', 'mc_consume', 1),
(5, 0, 0, 1, '', '发放会员卡', 'fa fa-credit-card', 'card', 'modal', 'mc_card', 1),
(6, 0, 0, 0, 'stat', '数据统计', '', '', '', 'stat_manage', 1),
(7, 0, 0, 6, '', '积分统计', 'fa fa-bar-chart', './index.php?c=stat&a=credit1', 'url', 'stat_credit1', 1),
(8, 0, 0, 6, '', '余额统计', 'fa fa-bar-chart', './index.php?c=stat&a=credit2', 'url', 'stat_credit2', 1),
(9, 0, 0, 6, '', '现金消费统计', 'fa fa-bar-chart', './index.php?c=stat&a=cash', 'url', 'stat_cash', 1),
(10, 0, 0, 6, '', '会员卡统计', 'fa fa-bar-chart', './index.php?c=stat&a=card', 'url', 'stat_card', 1),
(11, 0, 0, 0, 'activity', '系统优惠券核销', '', '', '', 'activity_card_manage', 1),
(12, 0, 0, 11, '', '折扣券核销', 'fa fa-money', './index.php?c=activity&a=consume&do=display&type=1', 'url', 'activity_consume_coupon', 1),
(13, 0, 0, 11, '', '代金券核销', 'fa fa-money', './index.php?c=activity&a=consume&do=display&type=2', 'url', 'activity_consume_token', 1),
(14, 0, 0, 0, 'wechat', '微信卡券核销', '', '', '', 'wechat_card_manage', 1),
(15, 0, 0, 14, '', '卡券核销', 'fa fa-money', './index.php?c=wechat&a=consume', 'url', 'wechat_consume', 1),
(16, 0, 0, 6, '', '收银台收款统计', 'fa fa-bar-chart', './index.php?c=stat&a=paycenter', 'url', 'stat_paycenter', 1);

-- --------------------------------------------------------

--
-- 表的结构 `zyb_activity_coupon_allocation`
--

CREATE TABLE IF NOT EXISTS `zyb_activity_coupon_allocation` (
  `id` int(10) unsigned NOT NULL AUTO_INCREMENT,
  `uniacid` int(10) unsigned NOT NULL,
  `couponid` int(10) unsigned NOT NULL,
  `groupid` int(10) unsigned NOT NULL,
  PRIMARY KEY (`id`),
  KEY `uniacid` (`uniacid`,`couponid`,`groupid`)
) ENGINE=MyISAM DEFAULT CHARSET=utf8 AUTO_INCREMENT=1 ;

-- --------------------------------------------------------

--
-- 表的结构 `zyb_activity_coupon_modules`
--

CREATE TABLE IF NOT EXISTS `zyb_activity_coupon_modules` (
  `id` int(10) unsigned NOT NULL AUTO_INCREMENT,
  `uniacid` int(10) unsigned NOT NULL,
  `couponid` int(10) unsigned NOT NULL,
  `module` varchar(30) NOT NULL,
  PRIMARY KEY (`id`),
  KEY `uniacid` (`uniacid`),
  KEY `couponid` (`couponid`)
) ENGINE=MyISAM DEFAULT CHARSET=utf8 AUTO_INCREMENT=1 ;

-- --------------------------------------------------------

--
-- 表的结构 `zyb_activity_exchange`
--

CREATE TABLE IF NOT EXISTS `zyb_activity_exchange` (
  `id` int(10) unsigned NOT NULL AUTO_INCREMENT,
  `uniacid` int(11) NOT NULL,
  `title` varchar(100) NOT NULL,
  `description` text NOT NULL,
  `thumb` varchar(500) NOT NULL,
  `type` tinyint(1) unsigned NOT NULL,
  `extra` varchar(3000) NOT NULL,
  `credit` int(10) unsigned NOT NULL,
  `credittype` varchar(10) NOT NULL,
  `pretotal` int(11) NOT NULL,
  `num` int(11) NOT NULL,
  `total` int(10) unsigned NOT NULL,
  `status` tinyint(3) unsigned NOT NULL,
  `starttime` int(10) unsigned NOT NULL,
  `endtime` int(10) NOT NULL,
  PRIMARY KEY (`id`),
  KEY `extra` (`extra`(333))
) ENGINE=MyISAM DEFAULT CHARSET=utf8 AUTO_INCREMENT=1 ;

-- --------------------------------------------------------

--
-- 表的结构 `zyb_activity_exchange_trades`
--

CREATE TABLE IF NOT EXISTS `zyb_activity_exchange_trades` (
  `tid` int(10) unsigned NOT NULL AUTO_INCREMENT,
  `uniacid` int(10) unsigned NOT NULL,
  `uid` int(10) unsigned NOT NULL,
  `exid` int(10) unsigned NOT NULL,
  `type` int(10) unsigned NOT NULL,
  `createtime` int(10) unsigned NOT NULL,
  PRIMARY KEY (`tid`),
  KEY `uniacid` (`uniacid`,`uid`,`exid`)
) ENGINE=MyISAM DEFAULT CHARSET=utf8 AUTO_INCREMENT=1 ;

-- --------------------------------------------------------

--
-- 表的结构 `zyb_activity_exchange_trades_shipping`
--

CREATE TABLE IF NOT EXISTS `zyb_activity_exchange_trades_shipping` (
  `tid` int(10) unsigned NOT NULL AUTO_INCREMENT,
  `uniacid` int(10) unsigned NOT NULL,
  `exid` int(10) unsigned NOT NULL,
  `uid` int(10) unsigned NOT NULL,
  `status` tinyint(4) NOT NULL,
  `createtime` int(10) unsigned NOT NULL,
  `province` varchar(30) NOT NULL,
  `city` varchar(30) NOT NULL,
  `district` varchar(30) NOT NULL,
  `address` varchar(255) NOT NULL,
  `zipcode` varchar(6) NOT NULL,
  `mobile` varchar(30) NOT NULL,
  `name` varchar(30) NOT NULL,
  PRIMARY KEY (`tid`),
  KEY `uniacid` (`uniacid`),
  KEY `uid` (`uid`)
) ENGINE=MyISAM DEFAULT CHARSET=utf8 AUTO_INCREMENT=1 ;

-- --------------------------------------------------------

--
-- 表的结构 `zyb_activity_modules`
--

CREATE TABLE IF NOT EXISTS `zyb_activity_modules` (
  `mid` int(10) unsigned NOT NULL AUTO_INCREMENT,
  `uniacid` int(10) unsigned NOT NULL,
  `exid` int(10) unsigned NOT NULL,
  `module` varchar(50) NOT NULL,
  `uid` int(10) unsigned NOT NULL,
  `available` int(10) unsigned NOT NULL,
  PRIMARY KEY (`mid`),
  KEY `uniacid` (`uniacid`),
  KEY `module` (`module`),
  KEY `uid` (`uid`)
) ENGINE=MyISAM DEFAULT CHARSET=utf8 AUTO_INCREMENT=1 ;

-- --------------------------------------------------------

--
-- 表的结构 `zyb_activity_modules_record`
--

CREATE TABLE IF NOT EXISTS `zyb_activity_modules_record` (
  `id` int(10) unsigned NOT NULL AUTO_INCREMENT,
  `mid` int(10) unsigned NOT NULL,
  `num` tinyint(3) NOT NULL,
  `createtime` int(10) unsigned NOT NULL,
  PRIMARY KEY (`id`),
  KEY `mid` (`mid`)
) ENGINE=MyISAM DEFAULT CHARSET=utf8 AUTO_INCREMENT=1 ;

-- --------------------------------------------------------

--
-- 表的结构 `zyb_activity_stores`
--

CREATE TABLE IF NOT EXISTS `zyb_activity_stores` (
  `id` int(10) unsigned NOT NULL AUTO_INCREMENT,
  `uniacid` int(10) unsigned NOT NULL,
  `business_name` varchar(50) NOT NULL,
  `branch_name` varchar(50) NOT NULL,
  `category` varchar(255) NOT NULL,
  `province` varchar(15) NOT NULL,
  `city` varchar(15) NOT NULL,
  `district` varchar(15) NOT NULL,
  `address` varchar(50) NOT NULL,
  `longitude` varchar(15) NOT NULL,
  `latitude` varchar(15) NOT NULL,
  `telephone` varchar(20) NOT NULL,
  `photo_list` varchar(10000) NOT NULL,
  `avg_price` int(10) unsigned NOT NULL,
  `recommend` varchar(255) NOT NULL,
  `special` varchar(255) NOT NULL,
  `introduction` varchar(255) NOT NULL,
  `open_time` varchar(50) NOT NULL,
  `location_id` int(10) unsigned NOT NULL,
  `status` tinyint(3) unsigned NOT NULL,
  `source` tinyint(3) unsigned NOT NULL,
  `message` varchar(500) NOT NULL,
  PRIMARY KEY (`id`),
  KEY `uniacid` (`uniacid`),
  KEY `location_id` (`location_id`)
) ENGINE=MyISAM DEFAULT CHARSET=utf8 AUTO_INCREMENT=1 ;

-- --------------------------------------------------------

--
-- 表的结构 `zyb_article_category`
--

CREATE TABLE IF NOT EXISTS `zyb_article_category` (
  `id` int(10) unsigned NOT NULL AUTO_INCREMENT,
  `title` varchar(30) NOT NULL,
  `displayorder` tinyint(3) unsigned NOT NULL,
  `type` varchar(15) NOT NULL,
  PRIMARY KEY (`id`),
  KEY `type` (`type`)
) ENGINE=MyISAM DEFAULT CHARSET=utf8 AUTO_INCREMENT=1 ;

-- --------------------------------------------------------

--
-- 表的结构 `zyb_article_news`
--

CREATE TABLE IF NOT EXISTS `zyb_article_news` (
  `id` int(10) unsigned NOT NULL AUTO_INCREMENT,
  `cateid` int(10) unsigned NOT NULL,
  `title` varchar(100) NOT NULL,
  `content` mediumtext NOT NULL,
  `thumb` varchar(255) NOT NULL,
  `source` varchar(255) NOT NULL,
  `author` varchar(50) NOT NULL,
  `displayorder` tinyint(3) unsigned NOT NULL,
  `is_display` tinyint(3) unsigned NOT NULL,
  `is_show_home` tinyint(3) unsigned NOT NULL,
  `createtime` int(10) unsigned NOT NULL,
  `click` int(10) unsigned NOT NULL,
  PRIMARY KEY (`id`),
  KEY `title` (`title`),
  KEY `cateid` (`cateid`)
) ENGINE=MyISAM DEFAULT CHARSET=utf8 AUTO_INCREMENT=1 ;

-- --------------------------------------------------------

--
-- 表的结构 `zyb_article_notice`
--

CREATE TABLE IF NOT EXISTS `zyb_article_notice` (
  `id` int(10) unsigned NOT NULL AUTO_INCREMENT,
  `cateid` int(10) unsigned NOT NULL,
  `title` varchar(100) NOT NULL,
  `content` mediumtext NOT NULL,
  `displayorder` tinyint(3) unsigned NOT NULL,
  `is_display` tinyint(3) unsigned NOT NULL,
  `is_show_home` tinyint(3) unsigned NOT NULL,
  `createtime` int(10) unsigned NOT NULL,
  `click` int(10) unsigned NOT NULL,
  PRIMARY KEY (`id`),
  KEY `title` (`title`),
  KEY `cateid` (`cateid`)
) ENGINE=MyISAM DEFAULT CHARSET=utf8 AUTO_INCREMENT=1 ;

-- --------------------------------------------------------

--
-- 表的结构 `zyb_article_unread_notice`
--

CREATE TABLE IF NOT EXISTS `zyb_article_unread_notice` (
  `id` int(10) unsigned NOT NULL AUTO_INCREMENT,
  `notice_id` int(10) unsigned NOT NULL,
  `uid` int(10) unsigned NOT NULL,
  `is_new` tinyint(3) unsigned NOT NULL,
  PRIMARY KEY (`id`),
  KEY `uid` (`uid`),
  KEY `notice_id` (`notice_id`)
) ENGINE=MyISAM DEFAULT CHARSET=utf8 AUTO_INCREMENT=1 ;

-- --------------------------------------------------------

--
-- 表的结构 `zyb_basic_reply`
--

CREATE TABLE IF NOT EXISTS `zyb_basic_reply` (
  `id` int(10) unsigned NOT NULL AUTO_INCREMENT,
  `rid` int(10) unsigned NOT NULL,
  `content` varchar(1000) NOT NULL,
  PRIMARY KEY (`id`),
  KEY `rid` (`rid`)
) ENGINE=MyISAM  DEFAULT CHARSET=utf8 AUTO_INCREMENT=2 ;

--
-- 转存表中的数据 `zyb_basic_reply`
--

INSERT INTO `zyb_basic_reply` (`id`, `rid`, `content`) VALUES
(1, 9, '/擦汗 欢迎关注我的公众号！');

-- --------------------------------------------------------

--
-- 表的结构 `zyb_business`
--

CREATE TABLE IF NOT EXISTS `zyb_business` (
  `id` int(10) unsigned NOT NULL AUTO_INCREMENT,
  `weid` int(10) unsigned NOT NULL,
  `title` varchar(50) NOT NULL,
  `thumb` varchar(255) NOT NULL,
  `content` varchar(1000) NOT NULL,
  `phone` varchar(15) NOT NULL,
  `qq` varchar(15) NOT NULL,
  `province` varchar(50) NOT NULL,
  `city` varchar(50) NOT NULL,
  `dist` varchar(50) NOT NULL,
  `address` varchar(500) NOT NULL,
  `lng` varchar(10) NOT NULL,
  `lat` varchar(10) NOT NULL,
  `industry1` varchar(10) NOT NULL,
  `industry2` varchar(10) NOT NULL,
  `createtime` int(10) NOT NULL,
  PRIMARY KEY (`id`),
  KEY `idx_lat_lng` (`lng`,`lat`)
) ENGINE=MyISAM DEFAULT CHARSET=utf8 AUTO_INCREMENT=1 ;

-- --------------------------------------------------------

--
-- 表的结构 `zyb_core_attachment`
--

CREATE TABLE IF NOT EXISTS `zyb_core_attachment` (
  `id` int(10) unsigned NOT NULL AUTO_INCREMENT,
  `uniacid` int(10) unsigned NOT NULL,
  `uid` int(10) unsigned NOT NULL,
  `filename` varchar(255) NOT NULL,
  `attachment` varchar(255) NOT NULL,
  `type` tinyint(3) unsigned NOT NULL,
  `createtime` int(10) unsigned NOT NULL,
  PRIMARY KEY (`id`)
) ENGINE=MyISAM DEFAULT CHARSET=utf8 AUTO_INCREMENT=1 ;

-- --------------------------------------------------------

--
-- 表的结构 `zyb_core_cache`
--

CREATE TABLE IF NOT EXISTS `zyb_core_cache` (
  `key` varchar(50) NOT NULL,
  `value` mediumtext NOT NULL,
  PRIMARY KEY (`key`)
) ENGINE=MyISAM DEFAULT CHARSET=utf8;

--
-- 转存表中的数据 `zyb_core_cache`
--

INSERT INTO `zyb_core_cache` (`key`, `value`) VALUES
('setting', 'a:6:{s:9:"copyright";a:1:{s:6:"slides";a:3:{i:0;s:58:"https://img.alicdn.com/tps/TB1pfG4IFXXXXc6XXXXXXXXXXXX.jpg";i:1;s:58:"https://img.alicdn.com/tps/TB1sXGYIFXXXXc5XpXXXXXXXXXX.jpg";i:2;s:58:"https://img.alicdn.com/tps/TB1h9xxIFXXXXbKXXXXXXXXXXXX.jpg";}}s:8:"authmode";i:1;s:5:"close";a:2:{s:6:"status";s:1:"0";s:6:"reason";s:0:"";}s:8:"register";a:4:{s:4:"open";i:1;s:6:"verify";i:0;s:4:"code";i:1;s:7:"groupid";i:1;}s:4:"site";a:5:{s:3:"key";s:5:"67240";s:5:"token";s:32:"ebozsgoc2jiavyk1popg5xuq5jno2eae";s:3:"url";s:27:"http://123.207.8.156/weixin";s:7:"version";s:3:"0.8";s:15:"profile_perfect";b:1;}s:7:"cloudip";a:2:{s:2:"ip";s:14:"222.161.220.33";s:6:"expire";i:1478942346;}}'),
('system_frame', 'a:5:{s:8:"platform";a:3:{i:0;a:2:{s:5:"title";s:12:"基本功能";s:5:"items";a:9:{i:0;a:5:{s:2:"id";s:1:"3";s:5:"title";s:12:"文字回复";s:3:"url";s:38:"./index.php?c=platform&a=reply&m=basic";s:15:"permission_name";s:20:"platform_reply_basic";s:6:"append";a:2:{s:5:"title";s:26:"<i class="fa fa-plus"></i>";s:3:"url";s:46:"./index.php?c=platform&a=reply&do=post&m=basic";}}i:1;a:5:{s:2:"id";s:1:"4";s:5:"title";s:12:"图文回复";s:3:"url";s:37:"./index.php?c=platform&a=reply&m=news";s:15:"permission_name";s:19:"platform_reply_news";s:6:"append";a:2:{s:5:"title";s:26:"<i class="fa fa-plus"></i>";s:3:"url";s:45:"./index.php?c=platform&a=reply&do=post&m=news";}}i:2;a:5:{s:2:"id";s:1:"5";s:5:"title";s:12:"音乐回复";s:3:"url";s:38:"./index.php?c=platform&a=reply&m=music";s:15:"permission_name";s:20:"platform_reply_music";s:6:"append";a:2:{s:5:"title";s:26:"<i class="fa fa-plus"></i>";s:3:"url";s:46:"./index.php?c=platform&a=reply&do=post&m=music";}}i:3;a:5:{s:2:"id";s:1:"6";s:5:"title";s:12:"图片回复";s:3:"url";s:39:"./index.php?c=platform&a=reply&m=images";s:15:"permission_name";s:21:"platform_reply_images";s:6:"append";a:2:{s:5:"title";s:26:"<i class="fa fa-plus"></i>";s:3:"url";s:47:"./index.php?c=platform&a=reply&do=post&m=images";}}i:4;a:5:{s:2:"id";s:1:"7";s:5:"title";s:12:"语音回复";s:3:"url";s:38:"./index.php?c=platform&a=reply&m=voice";s:15:"permission_name";s:20:"platform_reply_voice";s:6:"append";a:2:{s:5:"title";s:26:"<i class="fa fa-plus"></i>";s:3:"url";s:46:"./index.php?c=platform&a=reply&do=post&m=voice";}}i:5;a:5:{s:2:"id";s:1:"8";s:5:"title";s:12:"视频回复";s:3:"url";s:38:"./index.php?c=platform&a=reply&m=video";s:15:"permission_name";s:20:"platform_reply_video";s:6:"append";a:2:{s:5:"title";s:26:"<i class="fa fa-plus"></i>";s:3:"url";s:46:"./index.php?c=platform&a=reply&do=post&m=video";}}i:6;a:5:{s:2:"id";s:1:"9";s:5:"title";s:18:"微信卡券回复";s:3:"url";s:39:"./index.php?c=platform&a=reply&m=wxcard";s:15:"permission_name";s:21:"platform_reply_wxcard";s:6:"append";a:2:{s:5:"title";s:26:"<i class="fa fa-plus"></i>";s:3:"url";s:47:"./index.php?c=platform&a=reply&do=post&m=wxcard";}}i:7;a:5:{s:2:"id";s:2:"10";s:5:"title";s:21:"自定义接口回复";s:3:"url";s:40:"./index.php?c=platform&a=reply&m=userapi";s:15:"permission_name";s:22:"platform_reply_userapi";s:6:"append";a:2:{s:5:"title";s:26:"<i class="fa fa-plus"></i>";s:3:"url";s:48:"./index.php?c=platform&a=reply&do=post&m=userapi";}}i:8;a:4:{s:2:"id";s:2:"11";s:5:"title";s:12:"系统回复";s:3:"url";s:44:"./index.php?c=platform&a=special&do=display&";s:15:"permission_name";s:21:"platform_reply_system";}}}i:1;a:2:{s:5:"title";s:12:"高级功能";s:5:"items";a:6:{i:0;a:4:{s:2:"id";s:2:"13";s:5:"title";s:18:"常用服务接入";s:3:"url";s:43:"./index.php?c=platform&a=service&do=switch&";s:15:"permission_name";s:16:"platform_service";}i:1;a:4:{s:2:"id";s:2:"14";s:5:"title";s:15:"自定义菜单";s:3:"url";s:30:"./index.php?c=platform&a=menu&";s:15:"permission_name";s:13:"platform_menu";}i:2;a:4:{s:2:"id";s:2:"15";s:5:"title";s:18:"特殊消息回复";s:3:"url";s:44:"./index.php?c=platform&a=special&do=message&";s:15:"permission_name";s:16:"platform_special";}i:3;a:4:{s:2:"id";s:2:"16";s:5:"title";s:15:"二维码管理";s:3:"url";s:28:"./index.php?c=platform&a=qr&";s:15:"permission_name";s:11:"platform_qr";}i:4;a:4:{s:2:"id";s:2:"17";s:5:"title";s:15:"多客服接入";s:3:"url";s:39:"./index.php?c=platform&a=reply&m=custom";s:15:"permission_name";s:21:"platform_reply_custom";}i:5;a:4:{s:2:"id";s:2:"18";s:5:"title";s:18:"长链接二维码";s:3:"url";s:32:"./index.php?c=platform&a=url2qr&";s:15:"permission_name";s:15:"platform_url2qr";}}}i:2;a:2:{s:5:"title";s:12:"数据统计";s:5:"items";a:4:{i:0;a:4:{s:2:"id";s:2:"20";s:5:"title";s:12:"聊天记录";s:3:"url";s:41:"./index.php?c=platform&a=stat&do=history&";s:15:"permission_name";s:21:"platform_stat_history";}i:1;a:4:{s:2:"id";s:2:"21";s:5:"title";s:24:"回复规则使用情况";s:3:"url";s:38:"./index.php?c=platform&a=stat&do=rule&";s:15:"permission_name";s:18:"platform_stat_rule";}i:2;a:4:{s:2:"id";s:2:"22";s:5:"title";s:21:"关键字命中情况";s:3:"url";s:41:"./index.php?c=platform&a=stat&do=keyword&";s:15:"permission_name";s:21:"platform_stat_keyword";}i:3;a:4:{s:2:"id";s:2:"23";s:5:"title";s:6:"参数";s:3:"url";s:41:"./index.php?c=platform&a=stat&do=setting&";s:15:"permission_name";s:21:"platform_stat_setting";}}}}s:4:"site";a:3:{i:0;a:2:{s:5:"title";s:12:"微站管理";s:5:"items";a:3:{i:0;a:5:{s:2:"id";s:2:"26";s:5:"title";s:12:"站点管理";s:3:"url";s:38:"./index.php?c=site&a=multi&do=display&";s:15:"permission_name";s:18:"site_multi_display";s:6:"append";a:2:{s:5:"title";s:26:"<i class="fa fa-plus"></i>";s:3:"url";s:35:"./index.php?c=site&a=multi&do=post&";}}i:1;a:4:{s:2:"id";s:2:"29";s:5:"title";s:12:"模板管理";s:3:"url";s:39:"./index.php?c=site&a=style&do=template&";s:15:"permission_name";s:19:"site_style_template";}i:2;a:4:{s:2:"id";s:2:"30";s:5:"title";s:18:"模块模板扩展";s:3:"url";s:37:"./index.php?c=site&a=style&do=module&";s:15:"permission_name";s:17:"site_style_module";}}}i:1;a:2:{s:5:"title";s:18:"特殊页面管理";s:5:"items";a:2:{i:0;a:4:{s:2:"id";s:2:"32";s:5:"title";s:12:"会员中心";s:3:"url";s:34:"./index.php?c=site&a=editor&do=uc&";s:15:"permission_name";s:14:"site_editor_uc";}i:1;a:5:{s:2:"id";s:2:"33";s:5:"title";s:12:"专题页面";s:3:"url";s:36:"./index.php?c=site&a=editor&do=page&";s:15:"permission_name";s:16:"site_editor_page";s:6:"append";a:2:{s:5:"title";s:26:"<i class="fa fa-plus"></i>";s:3:"url";s:38:"./index.php?c=site&a=editor&do=design&";}}}}i:2;a:2:{s:5:"title";s:12:"功能组件";s:5:"items";a:2:{i:0;a:4:{s:2:"id";s:2:"35";s:5:"title";s:12:"分类设置";s:3:"url";s:30:"./index.php?c=site&a=category&";s:15:"permission_name";s:13:"site_category";}i:1;a:4:{s:2:"id";s:2:"36";s:5:"title";s:12:"文章管理";s:3:"url";s:29:"./index.php?c=site&a=article&";s:15:"permission_name";s:12:"site_article";}}}}s:2:"mc";a:8:{i:0;a:2:{s:5:"title";s:12:"粉丝管理";s:5:"items";a:2:{i:0;a:4:{s:2:"id";s:2:"39";s:5:"title";s:12:"粉丝分组";s:3:"url";s:28:"./index.php?c=mc&a=fangroup&";s:15:"permission_name";s:11:"mc_fangroup";}i:1;a:4:{s:2:"id";s:2:"40";s:5:"title";s:6:"粉丝";s:3:"url";s:24:"./index.php?c=mc&a=fans&";s:15:"permission_name";s:7:"mc_fans";}}}i:1;a:2:{s:5:"title";s:12:"会员中心";s:5:"items";a:3:{i:0;a:4:{s:2:"id";s:2:"42";s:5:"title";s:21:"会员中心关键字";s:3:"url";s:37:"./index.php?c=platform&a=cover&do=mc&";s:15:"permission_name";s:17:"platform_cover_mc";}i:1;a:5:{s:2:"id";s:2:"43";s:5:"title";s:6:"会员";s:3:"url";s:25:"./index.php?c=mc&a=member";s:15:"permission_name";s:9:"mc_member";s:6:"append";a:2:{s:5:"title";s:26:"<i class="fa fa-plus"></i>";s:3:"url";s:32:"./index.php?c=mc&a=member&do=add";}}i:2;a:4:{s:2:"id";s:2:"44";s:5:"title";s:9:"会员组";s:3:"url";s:25:"./index.php?c=mc&a=group&";s:15:"permission_name";s:8:"mc_group";}}}i:2;a:2:{s:5:"title";s:15:"会员卡管理";s:5:"items";a:4:{i:0;a:4:{s:2:"id";s:2:"46";s:5:"title";s:18:"会员卡关键字";s:3:"url";s:39:"./index.php?c=platform&a=cover&do=card&";s:15:"permission_name";s:19:"platform_cover_card";}i:1;a:4:{s:2:"id";s:2:"47";s:5:"title";s:15:"会员卡管理";s:3:"url";s:33:"./index.php?c=mc&a=card&do=manage";s:15:"permission_name";s:14:"mc_card_manage";}i:2;a:4:{s:2:"id";s:2:"48";s:5:"title";s:15:"会员卡设置";s:3:"url";s:33:"./index.php?c=mc&a=card&do=editor";s:15:"permission_name";s:14:"mc_card_editor";}i:3;a:4:{s:2:"id";s:2:"49";s:5:"title";s:21:"会员卡其他功能";s:3:"url";s:32:"./index.php?c=mc&a=card&do=other";s:15:"permission_name";s:13:"mc_card_other";}}}i:3;a:2:{s:5:"title";s:12:"积分兑换";s:5:"items";a:2:{i:0;a:4:{s:2:"id";s:2:"51";s:5:"title";s:12:"卡券兑换";s:3:"url";s:56:"./index.php?c=activity&a=exchange&do=display&type=coupon";s:15:"permission_name";s:24:"activity_coupon_exchange";}i:1;a:4:{s:2:"id";s:2:"52";s:5:"title";s:18:"真实物品兑换";s:3:"url";s:55:"./index.php?c=activity&a=exchange&do=display&type=goods";s:15:"permission_name";s:22:"activity_goods_display";}}}i:4;a:2:{s:5:"title";s:19:"微信素材&群发";s:5:"items";a:2:{i:0;a:4:{s:2:"id";s:2:"54";s:5:"title";s:13:"素材&群发";s:3:"url";s:32:"./index.php?c=material&a=display";s:15:"permission_name";s:16:"material_display";}i:1;a:4:{s:2:"id";s:2:"55";s:5:"title";s:12:"定时群发";s:3:"url";s:29:"./index.php?c=material&a=mass";s:15:"permission_name";s:13:"material_mass";}}}i:5;a:2:{s:5:"title";s:12:"卡券管理";s:5:"items";a:3:{i:0;a:4:{s:2:"id";s:2:"57";s:5:"title";s:12:"卡券列表";s:3:"url";s:42:"./index.php?c=activity&a=coupon&do=display";s:15:"permission_name";s:23:"activity_coupon_display";}i:1;a:4:{s:2:"id";s:2:"58";s:5:"title";s:12:"卡券营销";s:3:"url";s:29:"index.php?c=activity&a=market";s:15:"permission_name";s:22:"activity_coupon_market";}i:2;a:4:{s:2:"id";s:2:"59";s:5:"title";s:12:"卡券核销";s:3:"url";s:52:"./index.php?c=activity&a=consume&do=display&status=2";s:15:"permission_name";s:23:"activity_consume_coupon";}}}i:6;a:2:{s:5:"title";s:9:"工作台";s:5:"items";a:4:{i:0;a:4:{s:2:"id";s:2:"61";s:5:"title";s:12:"门店列表";s:3:"url";s:30:"./index.php?c=activity&a=store";s:15:"permission_name";s:19:"activity_store_list";}i:1;a:4:{s:2:"id";s:2:"62";s:5:"title";s:12:"店员列表";s:3:"url";s:30:"./index.php?c=activity&a=clerk";s:15:"permission_name";s:19:"activity_clerk_list";}i:2;a:4:{s:2:"id";s:2:"63";s:5:"title";s:18:"微信刷卡收款";s:3:"url";s:40:"./index.php?c=paycenter&a=wxmicro&do=pay";s:15:"permission_name";s:21:"paycenter_wxmicro_pay";}i:3;a:4:{s:2:"id";s:2:"64";s:5:"title";s:21:"店员操作关键字";s:3:"url";s:39:"./index.php?c=platform&a=cover&do=clerk";s:15:"permission_name";s:15:"paycenter_clerk";}}}i:7;a:2:{s:5:"title";s:12:"统计中心";s:5:"items";a:5:{i:0;a:4:{s:2:"id";s:2:"66";s:5:"title";s:18:"会员积分统计";s:3:"url";s:28:"./index.php?c=stat&a=credit1";s:15:"permission_name";s:12:"stat_credit1";}i:1;a:4:{s:2:"id";s:2:"67";s:5:"title";s:18:"会员余额统计";s:3:"url";s:28:"./index.php?c=stat&a=credit2";s:15:"permission_name";s:12:"stat_credit2";}i:2;a:4:{s:2:"id";s:2:"68";s:5:"title";s:24:"会员现金消费统计";s:3:"url";s:25:"./index.php?c=stat&a=cash";s:15:"permission_name";s:9:"stat_cash";}i:3;a:4:{s:2:"id";s:2:"69";s:5:"title";s:15:"会员卡统计";s:3:"url";s:25:"./index.php?c=stat&a=card";s:15:"permission_name";s:9:"stat_card";}i:4;a:4:{s:2:"id";s:2:"70";s:5:"title";s:21:"收银台收款统计";s:3:"url";s:30:"./index.php?c=stat&a=paycenter";s:15:"permission_name";s:14:"stat_paycenter";}}}}s:7:"setting";a:3:{i:0;a:2:{s:5:"title";s:15:"公众号选项";s:5:"items";a:7:{i:0;a:4:{s:2:"id";s:2:"73";s:5:"title";s:12:"支付参数";s:3:"url";s:32:"./index.php?c=profile&a=payment&";s:15:"permission_name";s:15:"profile_payment";}i:1;a:4:{s:2:"id";s:2:"74";s:5:"title";s:19:"借用 oAuth 权限";s:3:"url";s:37:"./index.php?c=mc&a=passport&do=oauth&";s:15:"permission_name";s:17:"mc_passport_oauth";}i:2;a:4:{s:2:"id";s:2:"75";s:5:"title";s:22:"借用 JS 分享权限";s:3:"url";s:31:"./index.php?c=profile&a=jsauth&";s:15:"permission_name";s:14:"profile_jsauth";}i:3;a:4:{s:2:"id";s:2:"76";s:5:"title";s:18:"会员字段管理";s:3:"url";s:25:"./index.php?c=mc&a=fields";s:15:"permission_name";s:9:"mc_fields";}i:4;a:4:{s:2:"id";s:2:"77";s:5:"title";s:18:"微信通知设置";s:3:"url";s:28:"./index.php?c=mc&a=tplnotice";s:15:"permission_name";s:12:"mc_tplnotice";}i:5;a:4:{s:2:"id";s:2:"78";s:5:"title";s:21:"工作台菜单设置";s:3:"url";s:32:"./index.php?c=profile&a=deskmenu";s:15:"permission_name";s:16:"profile_deskmenu";}i:6;a:4:{s:2:"id";s:2:"79";s:5:"title";s:18:"会员扩展功能";s:3:"url";s:25:"./index.php?c=mc&a=plugin";s:15:"permission_name";s:9:"mc_plugin";}}}i:1;a:2:{s:5:"title";s:21:"会员及粉丝选项";s:5:"items";a:5:{i:0;a:4:{s:2:"id";s:2:"81";s:5:"title";s:12:"积分设置";s:3:"url";s:26:"./index.php?c=mc&a=credit&";s:15:"permission_name";s:9:"mc_credit";}i:1;a:4:{s:2:"id";s:2:"82";s:5:"title";s:12:"注册设置";s:3:"url";s:40:"./index.php?c=mc&a=passport&do=passport&";s:15:"permission_name";s:20:"mc_passport_passport";}i:2;a:4:{s:2:"id";s:2:"83";s:5:"title";s:18:"粉丝同步设置";s:3:"url";s:36:"./index.php?c=mc&a=passport&do=sync&";s:15:"permission_name";s:16:"mc_passport_sync";}i:3;a:4:{s:2:"id";s:2:"84";s:5:"title";s:14:"UC站点整合";s:3:"url";s:22:"./index.php?c=mc&a=uc&";s:15:"permission_name";s:5:"mc_uc";}i:4;a:4:{s:2:"id";s:2:"85";s:5:"title";s:18:"邮件通知参数";s:3:"url";s:30:"./index.php?c=profile&a=notify";s:15:"permission_name";s:14:"profile_notify";}}}i:2;a:1:{s:5:"title";s:18:"其他功能选项";}}s:3:"ext";a:1:{i:0;a:2:{s:5:"title";s:6:"管理";s:5:"items";a:1:{i:0;a:4:{s:2:"id";s:2:"89";s:5:"title";s:18:"扩展功能管理";s:3:"url";s:31:"./index.php?c=profile&a=module&";s:15:"permission_name";s:14:"profile_module";}}}}}'),
('userbasefields', 'a:44:{s:7:"uniacid";s:17:"同一公众号id";s:7:"groupid";s:8:"分组id";s:7:"credit1";s:6:"积分";s:7:"credit2";s:6:"余额";s:7:"credit3";s:19:"预留积分类型3";s:7:"credit4";s:19:"预留积分类型4";s:7:"credit5";s:19:"预留积分类型5";s:7:"credit6";s:19:"预留积分类型6";s:10:"createtime";s:12:"加入时间";s:6:"mobile";s:12:"手机号码";s:5:"email";s:12:"电子邮箱";s:8:"realname";s:12:"真实姓名";s:8:"nickname";s:6:"昵称";s:6:"avatar";s:6:"头像";s:2:"qq";s:5:"QQ号";s:6:"gender";s:6:"性别";s:5:"birth";s:6:"生日";s:13:"constellation";s:6:"星座";s:6:"zodiac";s:6:"生肖";s:9:"telephone";s:12:"固定电话";s:6:"idcard";s:12:"证件号码";s:9:"studentid";s:6:"学号";s:5:"grade";s:6:"班级";s:7:"address";s:6:"地址";s:7:"zipcode";s:6:"邮编";s:11:"nationality";s:6:"国籍";s:6:"reside";s:9:"居住地";s:14:"graduateschool";s:12:"毕业学校";s:7:"company";s:6:"公司";s:9:"education";s:6:"学历";s:10:"occupation";s:6:"职业";s:8:"position";s:6:"职位";s:7:"revenue";s:9:"年收入";s:15:"affectivestatus";s:12:"情感状态";s:10:"lookingfor";s:13:" 交友目的";s:9:"bloodtype";s:6:"血型";s:6:"height";s:6:"身高";s:6:"weight";s:6:"体重";s:6:"alipay";s:15:"支付宝帐号";s:3:"msn";s:3:"MSN";s:6:"taobao";s:12:"阿里旺旺";s:4:"site";s:6:"主页";s:3:"bio";s:12:"自我介绍";s:8:"interest";s:12:"兴趣爱好";}'),
('usersfields', 'a:45:{s:8:"realname";s:12:"真实姓名";s:8:"nickname";s:6:"昵称";s:6:"avatar";s:6:"头像";s:2:"qq";s:5:"QQ号";s:6:"mobile";s:12:"手机号码";s:3:"vip";s:9:"VIP级别";s:6:"gender";s:6:"性别";s:9:"birthyear";s:12:"出生生日";s:13:"constellation";s:6:"星座";s:6:"zodiac";s:6:"生肖";s:9:"telephone";s:12:"固定电话";s:6:"idcard";s:12:"证件号码";s:9:"studentid";s:6:"学号";s:5:"grade";s:6:"班级";s:7:"address";s:12:"邮寄地址";s:7:"zipcode";s:6:"邮编";s:11:"nationality";s:6:"国籍";s:14:"resideprovince";s:12:"居住地址";s:14:"graduateschool";s:12:"毕业学校";s:7:"company";s:6:"公司";s:9:"education";s:6:"学历";s:10:"occupation";s:6:"职业";s:8:"position";s:6:"职位";s:7:"revenue";s:9:"年收入";s:15:"affectivestatus";s:12:"情感状态";s:10:"lookingfor";s:13:" 交友目的";s:9:"bloodtype";s:6:"血型";s:6:"height";s:6:"身高";s:6:"weight";s:6:"体重";s:6:"alipay";s:15:"支付宝帐号";s:3:"msn";s:3:"MSN";s:5:"email";s:12:"电子邮箱";s:6:"taobao";s:12:"阿里旺旺";s:4:"site";s:6:"主页";s:3:"bio";s:12:"自我介绍";s:8:"interest";s:12:"兴趣爱好";s:7:"uniacid";s:17:"同一公众号id";s:7:"groupid";s:8:"分组id";s:7:"credit1";s:6:"积分";s:7:"credit2";s:6:"余额";s:7:"credit3";s:19:"预留积分类型3";s:7:"credit4";s:19:"预留积分类型4";s:7:"credit5";s:19:"预留积分类型5";s:7:"credit6";s:19:"预留积分类型6";s:10:"createtime";s:12:"加入时间";}'),
('module_receive_enable', 'a:0:{}'),
('unimodules:1:', 'a:14:{s:5:"basic";a:19:{s:3:"mid";s:1:"1";s:4:"name";s:5:"basic";s:4:"type";s:6:"system";s:5:"title";s:18:"基本文字回复";s:7:"version";s:3:"1.0";s:7:"ability";s:24:"和您进行简单对话";s:6:"author";s:13:"WeEngine Team";s:3:"url";s:18:"http://www.we7.cc/";s:8:"settings";s:1:"0";s:10:"subscribes";s:0:"";s:7:"handles";s:0:"";s:12:"isrulefields";s:1:"1";s:8:"issystem";s:1:"1";s:6:"target";s:1:"0";s:6:"iscard";s:1:"0";s:11:"permissions";s:0:"";s:7:"enabled";i:1;s:6:"config";a:0:{}s:9:"isdisplay";i:1;}s:4:"news";a:19:{s:3:"mid";s:1:"2";s:4:"name";s:4:"news";s:4:"type";s:6:"system";s:5:"title";s:24:"基本混合图文回复";s:7:"version";s:3:"1.0";s:7:"ability";s:33:"为你提供生动的图文资讯";s:6:"author";s:13:"WeEngine Team";s:3:"url";s:18:"http://www.we7.cc/";s:8:"settings";s:1:"0";s:10:"subscribes";s:0:"";s:7:"handles";s:0:"";s:12:"isrulefields";s:1:"1";s:8:"issystem";s:1:"1";s:6:"target";s:1:"0";s:6:"iscard";s:1:"0";s:11:"permissions";s:0:"";s:7:"enabled";i:1;s:6:"config";a:0:{}s:9:"isdisplay";i:1;}s:5:"music";a:19:{s:3:"mid";s:1:"3";s:4:"name";s:5:"music";s:4:"type";s:6:"system";s:5:"title";s:18:"基本音乐回复";s:7:"version";s:3:"1.0";s:7:"ability";s:39:"提供语音、音乐等音频类回复";s:6:"author";s:13:"WeEngine Team";s:3:"url";s:18:"http://www.we7.cc/";s:8:"settings";s:1:"0";s:10:"subscribes";s:0:"";s:7:"handles";s:0:"";s:12:"isrulefields";s:1:"1";s:8:"issystem";s:1:"1";s:6:"target";s:1:"0";s:6:"iscard";s:1:"0";s:11:"permissions";s:0:"";s:7:"enabled";i:1;s:6:"config";a:0:{}s:9:"isdisplay";i:1;}s:7:"userapi";a:19:{s:3:"mid";s:1:"4";s:4:"name";s:7:"userapi";s:4:"type";s:6:"system";s:5:"title";s:21:"自定义接口回复";s:7:"version";s:3:"1.1";s:7:"ability";s:33:"更方便的第三方接口设置";s:6:"author";s:13:"WeEngine Team";s:3:"url";s:18:"http://www.we7.cc/";s:8:"settings";s:1:"0";s:10:"subscribes";s:0:"";s:7:"handles";s:0:"";s:12:"isrulefields";s:1:"1";s:8:"issystem";s:1:"1";s:6:"target";s:1:"0";s:6:"iscard";s:1:"0";s:11:"permissions";s:0:"";s:7:"enabled";i:1;s:6:"config";a:0:{}s:9:"isdisplay";i:1;}s:8:"recharge";a:19:{s:3:"mid";s:1:"5";s:4:"name";s:8:"recharge";s:4:"type";s:6:"system";s:5:"title";s:24:"会员中心充值模块";s:7:"version";s:3:"1.0";s:7:"ability";s:24:"提供会员充值功能";s:6:"author";s:13:"WeEngine Team";s:3:"url";s:18:"http://www.we7.cc/";s:8:"settings";s:1:"0";s:10:"subscribes";s:0:"";s:7:"handles";s:0:"";s:12:"isrulefields";s:1:"0";s:8:"issystem";s:1:"1";s:6:"target";s:1:"0";s:6:"iscard";s:1:"0";s:11:"permissions";s:0:"";s:7:"enabled";i:1;s:6:"config";a:0:{}s:9:"isdisplay";i:1;}s:6:"custom";a:19:{s:3:"mid";s:1:"6";s:4:"name";s:6:"custom";s:4:"type";s:6:"system";s:5:"title";s:15:"多客服转接";s:7:"version";s:5:"1.0.0";s:7:"ability";s:36:"用来接入腾讯的多客服系统";s:6:"author";s:13:"WeEngine Team";s:3:"url";s:17:"http://bbs.we7.cc";s:8:"settings";s:1:"0";s:10:"subscribes";a:0:{}s:7:"handles";a:6:{i:0;s:5:"image";i:1;s:5:"voice";i:2;s:5:"video";i:3;s:8:"location";i:4;s:4:"link";i:5;s:4:"text";}s:12:"isrulefields";s:1:"1";s:8:"issystem";s:1:"1";s:6:"target";s:1:"0";s:6:"iscard";s:1:"0";s:11:"permissions";s:0:"";s:7:"enabled";i:1;s:6:"config";a:0:{}s:9:"isdisplay";i:1;}s:6:"images";a:19:{s:3:"mid";s:1:"7";s:4:"name";s:6:"images";s:4:"type";s:6:"system";s:5:"title";s:18:"基本图片回复";s:7:"version";s:3:"1.0";s:7:"ability";s:18:"提供图片回复";s:6:"author";s:13:"WeEngine Team";s:3:"url";s:18:"http://www.we7.cc/";s:8:"settings";s:1:"0";s:10:"subscribes";s:0:"";s:7:"handles";s:0:"";s:12:"isrulefields";s:1:"1";s:8:"issystem";s:1:"1";s:6:"target";s:1:"0";s:6:"iscard";s:1:"0";s:11:"permissions";s:0:"";s:7:"enabled";i:1;s:6:"config";a:0:{}s:9:"isdisplay";i:1;}s:5:"video";a:19:{s:3:"mid";s:1:"8";s:4:"name";s:5:"video";s:4:"type";s:6:"system";s:5:"title";s:18:"基本视频回复";s:7:"version";s:3:"1.0";s:7:"ability";s:18:"提供图片回复";s:6:"author";s:13:"WeEngine Team";s:3:"url";s:18:"http://www.we7.cc/";s:8:"settings";s:1:"0";s:10:"subscribes";s:0:"";s:7:"handles";s:0:"";s:12:"isrulefields";s:1:"1";s:8:"issystem";s:1:"1";s:6:"target";s:1:"0";s:6:"iscard";s:1:"0";s:11:"permissions";s:0:"";s:7:"enabled";i:1;s:6:"config";a:0:{}s:9:"isdisplay";i:1;}s:5:"voice";a:19:{s:3:"mid";s:1:"9";s:4:"name";s:5:"voice";s:4:"type";s:6:"system";s:5:"title";s:18:"基本语音回复";s:7:"version";s:3:"1.0";s:7:"ability";s:18:"提供语音回复";s:6:"author";s:13:"WeEngine Team";s:3:"url";s:18:"http://www.we7.cc/";s:8:"settings";s:1:"0";s:10:"subscribes";s:0:"";s:7:"handles";s:0:"";s:12:"isrulefields";s:1:"1";s:8:"issystem";s:1:"1";s:6:"target";s:1:"0";s:6:"iscard";s:1:"0";s:11:"permissions";s:0:"";s:7:"enabled";i:1;s:6:"config";a:0:{}s:9:"isdisplay";i:1;}s:5:"chats";a:19:{s:3:"mid";s:2:"10";s:4:"name";s:5:"chats";s:4:"type";s:6:"system";s:5:"title";s:18:"发送客服消息";s:7:"version";s:3:"1.0";s:7:"ability";s:77:"公众号可以在粉丝最后发送消息的48小时内无限制发送消息";s:6:"author";s:13:"WeEngine Team";s:3:"url";s:18:"http://www.we7.cc/";s:8:"settings";s:1:"0";s:10:"subscribes";s:0:"";s:7:"handles";s:0:"";s:12:"isrulefields";s:1:"0";s:8:"issystem";s:1:"1";s:6:"target";s:1:"0";s:6:"iscard";s:1:"0";s:11:"permissions";s:0:"";s:7:"enabled";i:1;s:6:"config";a:0:{}s:9:"isdisplay";i:1;}s:6:"wxcard";a:19:{s:3:"mid";s:2:"11";s:4:"name";s:6:"wxcard";s:4:"type";s:6:"system";s:5:"title";s:18:"微信卡券回复";s:7:"version";s:3:"1.0";s:7:"ability";s:18:"微信卡券回复";s:6:"author";s:13:"WeEngine Team";s:3:"url";s:18:"http://www.we7.cc/";s:8:"settings";s:1:"0";s:10:"subscribes";s:0:"";s:7:"handles";s:0:"";s:12:"isrulefields";s:1:"1";s:8:"issystem";s:1:"1";s:6:"target";s:1:"0";s:6:"iscard";s:1:"0";s:11:"permissions";s:0:"";s:7:"enabled";i:1;s:6:"config";a:0:{}s:9:"isdisplay";i:1;}s:9:"paycenter";a:19:{s:3:"mid";s:2:"12";s:4:"name";s:9:"paycenter";s:4:"type";s:6:"system";s:5:"title";s:9:"收银台";s:7:"version";s:3:"1.0";s:7:"ability";s:9:"收银台";s:6:"author";s:13:"WeEngine Team";s:3:"url";s:18:"http://www.we7.cc/";s:8:"settings";s:1:"0";s:10:"subscribes";s:0:"";s:7:"handles";s:0:"";s:12:"isrulefields";s:1:"1";s:8:"issystem";s:1:"1";s:6:"target";s:1:"0";s:6:"iscard";s:1:"0";s:11:"permissions";s:0:"";s:7:"enabled";i:1;s:6:"config";a:0:{}s:9:"isdisplay";i:1;}s:13:"ewei_shopping";a:19:{s:3:"mid";s:2:"13";s:4:"name";s:13:"ewei_shopping";s:4:"type";s:8:"business";s:5:"title";s:9:"微商城";s:7:"version";s:5:"6.9.6";s:7:"ability";s:9:"微商城";s:6:"author";s:20:"WeEngine Team & ewei";s:3:"url";s:0:"";s:8:"settings";s:1:"2";s:10:"subscribes";a:0:{}s:7:"handles";a:1:{i:0;s:4:"text";}s:12:"isrulefields";s:1:"0";s:8:"issystem";s:1:"0";s:6:"target";s:1:"0";s:6:"iscard";s:1:"0";s:11:"permissions";s:2:"N;";s:7:"enabled";s:1:"1";s:6:"config";a:0:{}s:9:"isdisplay";i:1;}s:4:"core";a:5:{s:5:"title";s:24:"系统事件处理模块";s:4:"name";s:4:"core";s:8:"issystem";i:1;s:7:"enabled";i:1;s:9:"isdisplay";i:0;}}'),
('unimodules:1:1', 'a:14:{s:5:"basic";a:19:{s:3:"mid";s:1:"1";s:4:"name";s:5:"basic";s:4:"type";s:6:"system";s:5:"title";s:18:"基本文字回复";s:7:"version";s:3:"1.0";s:7:"ability";s:24:"和您进行简单对话";s:6:"author";s:13:"WeEngine Team";s:3:"url";s:18:"http://www.we7.cc/";s:8:"settings";s:1:"0";s:10:"subscribes";s:0:"";s:7:"handles";s:0:"";s:12:"isrulefields";s:1:"1";s:8:"issystem";s:1:"1";s:6:"target";s:1:"0";s:6:"iscard";s:1:"0";s:11:"permissions";s:0:"";s:7:"enabled";i:1;s:6:"config";a:0:{}s:9:"isdisplay";i:1;}s:4:"news";a:19:{s:3:"mid";s:1:"2";s:4:"name";s:4:"news";s:4:"type";s:6:"system";s:5:"title";s:24:"基本混合图文回复";s:7:"version";s:3:"1.0";s:7:"ability";s:33:"为你提供生动的图文资讯";s:6:"author";s:13:"WeEngine Team";s:3:"url";s:18:"http://www.we7.cc/";s:8:"settings";s:1:"0";s:10:"subscribes";s:0:"";s:7:"handles";s:0:"";s:12:"isrulefields";s:1:"1";s:8:"issystem";s:1:"1";s:6:"target";s:1:"0";s:6:"iscard";s:1:"0";s:11:"permissions";s:0:"";s:7:"enabled";i:1;s:6:"config";a:0:{}s:9:"isdisplay";i:1;}s:5:"music";a:19:{s:3:"mid";s:1:"3";s:4:"name";s:5:"music";s:4:"type";s:6:"system";s:5:"title";s:18:"基本音乐回复";s:7:"version";s:3:"1.0";s:7:"ability";s:39:"提供语音、音乐等音频类回复";s:6:"author";s:13:"WeEngine Team";s:3:"url";s:18:"http://www.we7.cc/";s:8:"settings";s:1:"0";s:10:"subscribes";s:0:"";s:7:"handles";s:0:"";s:12:"isrulefields";s:1:"1";s:8:"issystem";s:1:"1";s:6:"target";s:1:"0";s:6:"iscard";s:1:"0";s:11:"permissions";s:0:"";s:7:"enabled";i:1;s:6:"config";a:0:{}s:9:"isdisplay";i:1;}s:7:"userapi";a:19:{s:3:"mid";s:1:"4";s:4:"name";s:7:"userapi";s:4:"type";s:6:"system";s:5:"title";s:21:"自定义接口回复";s:7:"version";s:3:"1.1";s:7:"ability";s:33:"更方便的第三方接口设置";s:6:"author";s:13:"WeEngine Team";s:3:"url";s:18:"http://www.we7.cc/";s:8:"settings";s:1:"0";s:10:"subscribes";s:0:"";s:7:"handles";s:0:"";s:12:"isrulefields";s:1:"1";s:8:"issystem";s:1:"1";s:6:"target";s:1:"0";s:6:"iscard";s:1:"0";s:11:"permissions";s:0:"";s:7:"enabled";i:1;s:6:"config";a:0:{}s:9:"isdisplay";i:1;}s:8:"recharge";a:19:{s:3:"mid";s:1:"5";s:4:"name";s:8:"recharge";s:4:"type";s:6:"system";s:5:"title";s:24:"会员中心充值模块";s:7:"version";s:3:"1.0";s:7:"ability";s:24:"提供会员充值功能";s:6:"author";s:13:"WeEngine Team";s:3:"url";s:18:"http://www.we7.cc/";s:8:"settings";s:1:"0";s:10:"subscribes";s:0:"";s:7:"handles";s:0:"";s:12:"isrulefields";s:1:"0";s:8:"issystem";s:1:"1";s:6:"target";s:1:"0";s:6:"iscard";s:1:"0";s:11:"permissions";s:0:"";s:7:"enabled";i:1;s:6:"config";a:0:{}s:9:"isdisplay";i:1;}s:6:"custom";a:19:{s:3:"mid";s:1:"6";s:4:"name";s:6:"custom";s:4:"type";s:6:"system";s:5:"title";s:15:"多客服转接";s:7:"version";s:5:"1.0.0";s:7:"ability";s:36:"用来接入腾讯的多客服系统";s:6:"author";s:13:"WeEngine Team";s:3:"url";s:17:"http://bbs.we7.cc";s:8:"settings";s:1:"0";s:10:"subscribes";a:0:{}s:7:"handles";a:6:{i:0;s:5:"image";i:1;s:5:"voice";i:2;s:5:"video";i:3;s:8:"location";i:4;s:4:"link";i:5;s:4:"text";}s:12:"isrulefields";s:1:"1";s:8:"issystem";s:1:"1";s:6:"target";s:1:"0";s:6:"iscard";s:1:"0";s:11:"permissions";s:0:"";s:7:"enabled";i:1;s:6:"config";a:0:{}s:9:"isdisplay";i:1;}s:6:"images";a:19:{s:3:"mid";s:1:"7";s:4:"name";s:6:"images";s:4:"type";s:6:"system";s:5:"title";s:18:"基本图片回复";s:7:"version";s:3:"1.0";s:7:"ability";s:18:"提供图片回复";s:6:"author";s:13:"WeEngine Team";s:3:"url";s:18:"http://www.we7.cc/";s:8:"settings";s:1:"0";s:10:"subscribes";s:0:"";s:7:"handles";s:0:"";s:12:"isrulefields";s:1:"1";s:8:"issystem";s:1:"1";s:6:"target";s:1:"0";s:6:"iscard";s:1:"0";s:11:"permissions";s:0:"";s:7:"enabled";i:1;s:6:"config";a:0:{}s:9:"isdisplay";i:1;}s:5:"video";a:19:{s:3:"mid";s:1:"8";s:4:"name";s:5:"video";s:4:"type";s:6:"system";s:5:"title";s:18:"基本视频回复";s:7:"version";s:3:"1.0";s:7:"ability";s:18:"提供图片回复";s:6:"author";s:13:"WeEngine Team";s:3:"url";s:18:"http://www.we7.cc/";s:8:"settings";s:1:"0";s:10:"subscribes";s:0:"";s:7:"handles";s:0:"";s:12:"isrulefields";s:1:"1";s:8:"issystem";s:1:"1";s:6:"target";s:1:"0";s:6:"iscard";s:1:"0";s:11:"permissions";s:0:"";s:7:"enabled";i:1;s:6:"config";a:0:{}s:9:"isdisplay";i:1;}s:5:"voice";a:19:{s:3:"mid";s:1:"9";s:4:"name";s:5:"voice";s:4:"type";s:6:"system";s:5:"title";s:18:"基本语音回复";s:7:"version";s:3:"1.0";s:7:"ability";s:18:"提供语音回复";s:6:"author";s:13:"WeEngine Team";s:3:"url";s:18:"http://www.we7.cc/";s:8:"settings";s:1:"0";s:10:"subscribes";s:0:"";s:7:"handles";s:0:"";s:12:"isrulefields";s:1:"1";s:8:"issystem";s:1:"1";s:6:"target";s:1:"0";s:6:"iscard";s:1:"0";s:11:"permissions";s:0:"";s:7:"enabled";i:1;s:6:"config";a:0:{}s:9:"isdisplay";i:1;}s:5:"chats";a:19:{s:3:"mid";s:2:"10";s:4:"name";s:5:"chats";s:4:"type";s:6:"system";s:5:"title";s:18:"发送客服消息";s:7:"version";s:3:"1.0";s:7:"ability";s:77:"公众号可以在粉丝最后发送消息的48小时内无限制发送消息";s:6:"author";s:13:"WeEngine Team";s:3:"url";s:18:"http://www.we7.cc/";s:8:"settings";s:1:"0";s:10:"subscribes";s:0:"";s:7:"handles";s:0:"";s:12:"isrulefields";s:1:"0";s:8:"issystem";s:1:"1";s:6:"target";s:1:"0";s:6:"iscard";s:1:"0";s:11:"permissions";s:0:"";s:7:"enabled";i:1;s:6:"config";a:0:{}s:9:"isdisplay";i:1;}s:6:"wxcard";a:19:{s:3:"mid";s:2:"11";s:4:"name";s:6:"wxcard";s:4:"type";s:6:"system";s:5:"title";s:18:"微信卡券回复";s:7:"version";s:3:"1.0";s:7:"ability";s:18:"微信卡券回复";s:6:"author";s:13:"WeEngine Team";s:3:"url";s:18:"http://www.we7.cc/";s:8:"settings";s:1:"0";s:10:"subscribes";s:0:"";s:7:"handles";s:0:"";s:12:"isrulefields";s:1:"1";s:8:"issystem";s:1:"1";s:6:"target";s:1:"0";s:6:"iscard";s:1:"0";s:11:"permissions";s:0:"";s:7:"enabled";i:1;s:6:"config";a:0:{}s:9:"isdisplay";i:1;}s:9:"paycenter";a:19:{s:3:"mid";s:2:"12";s:4:"name";s:9:"paycenter";s:4:"type";s:6:"system";s:5:"title";s:9:"收银台";s:7:"version";s:3:"1.0";s:7:"ability";s:9:"收银台";s:6:"author";s:13:"WeEngine Team";s:3:"url";s:18:"http://www.we7.cc/";s:8:"settings";s:1:"0";s:10:"subscribes";s:0:"";s:7:"handles";s:0:"";s:12:"isrulefields";s:1:"1";s:8:"issystem";s:1:"1";s:6:"target";s:1:"0";s:6:"iscard";s:1:"0";s:11:"permissions";s:0:"";s:7:"enabled";i:1;s:6:"config";a:0:{}s:9:"isdisplay";i:1;}s:13:"ewei_shopping";a:19:{s:3:"mid";s:2:"13";s:4:"name";s:13:"ewei_shopping";s:4:"type";s:8:"business";s:5:"title";s:9:"微商城";s:7:"version";s:5:"6.9.6";s:7:"ability";s:9:"微商城";s:6:"author";s:20:"WeEngine Team & ewei";s:3:"url";s:0:"";s:8:"settings";s:1:"2";s:10:"subscribes";a:0:{}s:7:"handles";a:1:{i:0;s:4:"text";}s:12:"isrulefields";s:1:"0";s:8:"issystem";s:1:"0";s:6:"target";s:1:"0";s:6:"iscard";s:1:"0";s:11:"permissions";s:2:"N;";s:7:"enabled";s:1:"1";s:6:"config";a:0:{}s:9:"isdisplay";i:1;}s:4:"core";a:5:{s:5:"title";s:24:"系统事件处理模块";s:4:"name";s:4:"core";s:8:"issystem";i:1;s:7:"enabled";i:1;s:9:"isdisplay";i:0;}}'),
('accesstoken:1', 'a:2:{s:5:"token";s:138:"BMOnsiOyyg9M7kt8TWcotkyydVfxFr2314Zkys1DWBIrPFVqyuIPIW9M_rly7rx1z7ZCD9zFjVVOXJjyGwTJ1EjGpFSjk7XiUdkPgZw1_RrOB1i6nZndWvxpbByxOPHbAQJbAJAGWP";s:6:"expire";i:1475035484;}'),
('stat:todaylock:1', 'a:1:{s:6:"expire";i:1477310285;}'),
('upgrade', 'a:2:{s:7:"upgrade";b:0;s:10:"lastupdate";i:1478741963;}'),
('cloud:ad:uniaccount:list', 'a:2:{s:6:"expire";i:1473652417;s:7:"setting";N;}'),
('unicount:1', 's:1:"1";'),
('uniaccount:1', 'a:28:{s:4:"acid";s:1:"1";s:7:"uniacid";s:1:"1";s:5:"token";s:32:"ea0fn2ncfpngb4movfhrkribqjejueqw";s:12:"access_token";s:0:"";s:14:"encodingaeskey";s:43:"Ii9ri3IQZik6OQAmSudeXGY26vuz55jJx9Mp6Quu8mR";s:5:"level";s:1:"1";s:4:"name";s:9:"双木林";s:7:"account";s:11:"kissbin_zyb";s:8:"original";s:15:"gh_2bde2a4d784e";s:9:"signature";s:0:"";s:7:"country";s:0:"";s:8:"province";s:0:"";s:4:"city";s:0:"";s:8:"username";s:0:"";s:8:"password";s:0:"";s:10:"lastupdate";s:1:"0";s:3:"key";s:18:"wxf872698084f32897";s:6:"secret";s:32:"231cb685c30f91f2c288deecb3f522d8";s:7:"styleid";s:1:"1";s:12:"subscribeurl";s:0:"";s:18:"auth_refresh_token";s:0:"";s:12:"default_acid";s:1:"1";s:4:"type";s:1:"1";s:3:"uid";N;s:9:"starttime";N;s:7:"endtime";N;s:6:"groups";a:1:{i:1;a:5:{s:7:"groupid";s:1:"1";s:7:"uniacid";s:1:"1";s:5:"title";s:15:"默认会员组";s:6:"credit";s:1:"0";s:9:"isdefault";s:1:"1";}}s:10:"grouplevel";s:1:"0";}'),
('unisetting:1', 'a:23:{s:7:"uniacid";s:1:"1";s:8:"passport";a:3:{s:8:"focusreg";i:0;s:4:"item";s:5:"email";s:4:"type";s:8:"password";}s:5:"oauth";a:2:{s:6:"status";s:1:"0";s:7:"account";s:1:"0";}s:11:"jsauth_acid";s:1:"0";s:2:"uc";a:1:{s:6:"status";i:0;}s:6:"notify";a:1:{s:3:"sms";a:2:{s:7:"balance";i:0;s:9:"signature";s:0:"";}}s:11:"creditnames";a:5:{s:7:"credit1";a:2:{s:5:"title";s:6:"积分";s:7:"enabled";i:1;}s:7:"credit2";a:2:{s:5:"title";s:6:"余额";s:7:"enabled";i:1;}s:7:"credit3";a:2:{s:5:"title";s:0:"";s:7:"enabled";i:0;}s:7:"credit4";a:2:{s:5:"title";s:0:"";s:7:"enabled";i:0;}s:7:"credit5";a:2:{s:5:"title";s:0:"";s:7:"enabled";i:0;}}s:15:"creditbehaviors";a:2:{s:8:"activity";s:7:"credit1";s:8:"currency";s:7:"credit2";}s:7:"welcome";s:6:"关注";s:7:"default";s:0:"";s:15:"default_message";s:0:"";s:9:"shortcuts";s:0:"";s:7:"payment";a:4:{s:6:"credit";a:1:{s:6:"switch";b:0;}s:6:"alipay";a:4:{s:6:"switch";b:0;s:7:"account";s:0:"";s:7:"partner";s:0:"";s:6:"secret";s:0:"";}s:6:"wechat";a:5:{s:6:"switch";b:0;s:7:"account";b:0;s:7:"signkey";s:0:"";s:7:"partner";s:0:"";s:3:"key";s:0:"";}s:8:"delivery";a:1:{s:6:"switch";b:0;}}s:4:"stat";s:0:"";s:12:"default_site";s:1:"1";s:4:"sync";s:1:"1";s:8:"recharge";s:0:"";s:9:"tplnotice";s:0:"";s:10:"grouplevel";s:1:"0";s:8:"mcplugin";s:0:"";s:15:"exchange_enable";s:1:"0";s:11:"coupon_type";s:1:"0";s:7:"menuset";s:0:"";}'),
('defaultgroupid:1', 's:1:"1";'),
('checkupgrade:system', 'a:1:{s:10:"lastupdate";i:1478741963;}');

-- --------------------------------------------------------

--
-- 表的结构 `zyb_core_cron`
--

CREATE TABLE IF NOT EXISTS `zyb_core_cron` (
  `id` int(10) unsigned NOT NULL AUTO_INCREMENT,
  `cloudid` int(10) unsigned NOT NULL,
  `module` varchar(50) NOT NULL,
  `uniacid` int(10) unsigned NOT NULL,
  `type` tinyint(3) unsigned NOT NULL,
  `name` varchar(50) NOT NULL,
  `filename` varchar(50) NOT NULL,
  `lastruntime` int(10) unsigned NOT NULL,
  `nextruntime` int(10) unsigned NOT NULL,
  `weekday` tinyint(3) NOT NULL,
  `day` tinyint(3) NOT NULL,
  `hour` tinyint(3) NOT NULL,
  `minute` varchar(255) NOT NULL,
  `extra` varchar(5000) NOT NULL,
  `status` tinyint(3) unsigned NOT NULL,
  `createtime` int(10) unsigned NOT NULL,
  PRIMARY KEY (`id`),
  KEY `createtime` (`createtime`),
  KEY `nextruntime` (`nextruntime`),
  KEY `uniacid` (`uniacid`),
  KEY `cloudid` (`cloudid`)
) ENGINE=MyISAM DEFAULT CHARSET=utf8 AUTO_INCREMENT=1 ;

-- --------------------------------------------------------

--
-- 表的结构 `zyb_core_cron_record`
--

CREATE TABLE IF NOT EXISTS `zyb_core_cron_record` (
  `id` int(10) unsigned NOT NULL AUTO_INCREMENT,
  `uniacid` int(10) unsigned NOT NULL,
  `module` varchar(50) NOT NULL,
  `type` varchar(50) NOT NULL,
  `tid` int(10) unsigned NOT NULL,
  `note` varchar(500) NOT NULL,
  `tag` varchar(5000) NOT NULL,
  `createtime` int(10) unsigned NOT NULL,
  PRIMARY KEY (`id`),
  KEY `uniacid` (`uniacid`),
  KEY `tid` (`tid`),
  KEY `module` (`module`)
) ENGINE=MyISAM DEFAULT CHARSET=utf8 AUTO_INCREMENT=1 ;

-- --------------------------------------------------------

--
-- 表的结构 `zyb_core_menu`
--

CREATE TABLE IF NOT EXISTS `zyb_core_menu` (
  `id` int(10) unsigned NOT NULL AUTO_INCREMENT,
  `pid` int(10) unsigned NOT NULL,
  `title` varchar(20) NOT NULL,
  `name` varchar(20) NOT NULL,
  `url` varchar(60) NOT NULL,
  `append_title` varchar(30) NOT NULL,
  `append_url` varchar(255) NOT NULL,
  `displayorder` tinyint(3) unsigned NOT NULL,
  `type` varchar(15) NOT NULL,
  `is_display` tinyint(3) unsigned NOT NULL,
  `is_system` tinyint(3) unsigned NOT NULL,
  `permission_name` varchar(50) NOT NULL,
  PRIMARY KEY (`id`)
) ENGINE=MyISAM  DEFAULT CHARSET=utf8 AUTO_INCREMENT=90 ;

--
-- 转存表中的数据 `zyb_core_menu`
--

INSERT INTO `zyb_core_menu` (`id`, `pid`, `title`, `name`, `url`, `append_title`, `append_url`, `displayorder`, `type`, `is_display`, `is_system`, `permission_name`) VALUES
(1, 0, '基础设置', 'platform', '', 'fa fa-cog', '', 0, 'url', 1, 1, ''),
(2, 1, '基本功能', 'platform', '', '', '', 0, 'url', 1, 1, 'platform_basic_function'),
(3, 2, '文字回复', 'platform', './index.php?c=platform&a=reply&m=basic', 'fa fa-plus', './index.php?c=platform&a=reply&do=post&m=basic', 0, 'url', 1, 1, 'platform_reply_basic'),
(4, 2, '图文回复', 'platform', './index.php?c=platform&a=reply&m=news', 'fa fa-plus', './index.php?c=platform&a=reply&do=post&m=news', 0, 'url', 1, 1, 'platform_reply_news'),
(5, 2, '音乐回复', 'platform', './index.php?c=platform&a=reply&m=music', 'fa fa-plus', './index.php?c=platform&a=reply&do=post&m=music', 0, 'url', 1, 1, 'platform_reply_music'),
(6, 2, '图片回复', 'platform', './index.php?c=platform&a=reply&m=images', 'fa fa-plus', './index.php?c=platform&a=reply&do=post&m=images', 0, 'url', 1, 1, 'platform_reply_images'),
(7, 2, '语音回复', 'platform', './index.php?c=platform&a=reply&m=voice', 'fa fa-plus', './index.php?c=platform&a=reply&do=post&m=voice', 0, 'url', 1, 1, 'platform_reply_voice'),
(8, 2, '视频回复', 'platform', './index.php?c=platform&a=reply&m=video', 'fa fa-plus', './index.php?c=platform&a=reply&do=post&m=video', 0, 'url', 1, 1, 'platform_reply_video'),
(9, 2, '微信卡券回复', 'platform', './index.php?c=platform&a=reply&m=wxcard', 'fa fa-plus', './index.php?c=platform&a=reply&do=post&m=wxcard', 0, 'url', 1, 1, 'platform_reply_wxcard'),
(10, 2, '自定义接口回复', 'platform', './index.php?c=platform&a=reply&m=userapi', 'fa fa-plus', './index.php?c=platform&a=reply&do=post&m=userapi', 0, 'url', 1, 1, 'platform_reply_userapi'),
(11, 2, '系统回复', 'platform', './index.php?c=platform&a=special&do=display&', '', '', 0, 'url', 1, 1, 'platform_reply_system'),
(12, 1, '高级功能', 'platform', '', '', '', 0, 'url', 1, 1, 'platform_high_function'),
(13, 12, '常用服务接入', 'platform', './index.php?c=platform&a=service&do=switch&', '', '', 0, 'url', 1, 1, 'platform_service'),
(14, 12, '自定义菜单', 'platform', './index.php?c=platform&a=menu&', '', '', 0, 'url', 1, 1, 'platform_menu'),
(15, 12, '特殊消息回复', 'platform', './index.php?c=platform&a=special&do=message&', '', '', 0, 'url', 1, 1, 'platform_special'),
(16, 12, '二维码管理', 'platform', './index.php?c=platform&a=qr&', '', '', 0, 'url', 1, 1, 'platform_qr'),
(17, 12, '多客服接入', 'platform', './index.php?c=platform&a=reply&m=custom', '', '', 0, 'url', 1, 1, 'platform_reply_custom'),
(18, 12, '长链接二维码', 'platform', './index.php?c=platform&a=url2qr&', '', '', 0, 'url', 1, 1, 'platform_url2qr'),
(19, 1, '数据统计', 'platform', '', '', '', 0, 'url', 1, 1, 'platform_stat'),
(20, 19, '聊天记录', 'platform', './index.php?c=platform&a=stat&do=history&', '', '', 0, 'url', 1, 1, 'platform_stat_history'),
(21, 19, '回复规则使用情况', 'platform', './index.php?c=platform&a=stat&do=rule&', '', '', 0, 'url', 1, 1, 'platform_stat_rule'),
(22, 19, '关键字命中情况', 'platform', './index.php?c=platform&a=stat&do=keyword&', '', '', 0, 'url', 1, 1, 'platform_stat_keyword'),
(23, 19, '参数', 'platform', './index.php?c=platform&a=stat&do=setting&', '', '', 0, 'url', 1, 1, 'platform_stat_setting'),
(24, 0, '微站功能', 'site', '', 'fa fa-life-bouy', '', 0, 'url', 1, 1, ''),
(25, 24, '微站管理', 'site', '', '', '', 0, 'url', 1, 1, 'site_manage'),
(26, 25, '站点管理', 'site', './index.php?c=site&a=multi&do=display&', 'fa fa-plus', './index.php?c=site&a=multi&do=post&', 0, 'url', 1, 1, 'site_multi_display'),
(27, 25, '站点添加/编辑', 'site', '', '', '', 0, 'permission', 0, 1, 'site_multi_post'),
(28, 25, '站点删除', 'site', '', '', '', 0, 'permission', 0, 1, 'site_multi_del'),
(29, 25, '模板管理', 'site', './index.php?c=site&a=style&do=template&', '', '', 0, 'url', 1, 1, 'site_style_template'),
(30, 25, '模块模板扩展', 'site', './index.php?c=site&a=style&do=module&', '', '', 0, 'url', 1, 1, 'site_style_module'),
(31, 24, '特殊页面管理', 'site', '', '', '', 0, 'url', 1, 1, 'site_special_page'),
(32, 31, '会员中心', 'site', './index.php?c=site&a=editor&do=uc&', '', '', 0, 'url', 1, 1, 'site_editor_uc'),
(33, 31, '专题页面', 'site', './index.php?c=site&a=editor&do=page&', 'fa fa-plus', './index.php?c=site&a=editor&do=design&', 0, 'url', 1, 1, 'site_editor_page'),
(34, 24, '功能组件', 'site', '', '', '', 0, 'url', 1, 1, 'site_article'),
(35, 34, '分类设置', 'site', './index.php?c=site&a=category&', '', '', 0, 'url', 1, 1, 'site_category'),
(36, 34, '文章管理', 'site', './index.php?c=site&a=article&', '', '', 0, 'url', 1, 1, 'site_article'),
(37, 0, '粉丝营销', 'mc', '', 'fa fa-gift', '', 0, 'url', 1, 1, ''),
(38, 37, '粉丝管理', 'mc', '', '', '', 0, 'url', 1, 1, 'mc_fans_manage'),
(39, 38, '粉丝分组', 'mc', './index.php?c=mc&a=fangroup&', '', '', 0, 'url', 1, 1, 'mc_fangroup'),
(40, 38, '粉丝', 'mc', './index.php?c=mc&a=fans&', '', '', 0, 'url', 1, 1, 'mc_fans'),
(41, 37, '会员中心', 'mc', '', '', '', 0, 'url', 1, 1, 'mc_members_manage'),
(42, 41, '会员中心关键字', 'mc', './index.php?c=platform&a=cover&do=mc&', '', '', 0, 'url', 1, 1, 'platform_cover_mc'),
(43, 41, '会员', 'mc', './index.php?c=mc&a=member', 'fa fa-plus', './index.php?c=mc&a=member&do=add', 0, 'url', 1, 1, 'mc_member'),
(44, 41, '会员组', 'mc', './index.php?c=mc&a=group&', '', '', 0, 'url', 1, 1, 'mc_group'),
(45, 37, '会员卡管理', 'mc', '', '', '', 0, 'url', 1, 1, 'mc_card_manage'),
(46, 45, '会员卡关键字', 'mc', './index.php?c=platform&a=cover&do=card&', '', '', 0, 'url', 1, 1, 'platform_cover_card'),
(47, 45, '会员卡管理', 'mc', './index.php?c=mc&a=card&do=manage', '', '', 0, 'url', 1, 1, 'mc_card_manage'),
(48, 45, '会员卡设置', 'mc', './index.php?c=mc&a=card&do=editor', '', '', 0, 'url', 1, 1, 'mc_card_editor'),
(49, 45, '会员卡其他功能', 'mc', './index.php?c=mc&a=card&do=other', '', '', 0, 'url', 1, 1, 'mc_card_other'),
(50, 37, '积分兑换', 'mc', '', '', '', 0, 'url', 1, 1, 'activity_discount_manage'),
(51, 50, '卡券兑换', 'mc', './index.php?c=activity&a=exchange&do=display&type=coupon', '', '', 0, 'url', 1, 1, 'activity_coupon_exchange'),
(52, 50, '真实物品兑换', 'mc', './index.php?c=activity&a=exchange&do=display&type=goods', '', '', 0, 'url', 1, 1, 'activity_goods_display'),
(53, 37, '微信素材&群发', 'mc', '', '', '', 0, 'url', 1, 1, 'material_manage'),
(54, 53, '素材&群发', 'mc', './index.php?c=material&a=display', '', '', 0, 'url', 1, 1, 'material_display'),
(55, 53, '定时群发', 'mc', './index.php?c=material&a=mass', '', '', 0, 'url', 1, 1, 'material_mass'),
(56, 37, '卡券管理', 'mc', '', '', '', 0, 'url', 1, 1, 'wechat_card_manage'),
(57, 56, '卡券列表', 'mc', './index.php?c=activity&a=coupon&do=display', '', '', 0, 'url', 1, 1, 'activity_coupon_display'),
(58, 56, '卡券营销', 'mc', 'index.php?c=activity&a=market', '', '', 0, 'url', 1, 1, 'activity_coupon_market'),
(59, 56, '卡券核销', 'mc', './index.php?c=activity&a=consume&do=display&status=2', '', '', 0, 'url', 1, 1, 'activity_consume_coupon'),
(60, 37, '工作台', 'mc', '', '', '', 0, 'url', 1, 1, 'paycenter_manage'),
(61, 60, '门店列表', 'mc', './index.php?c=activity&a=store', '', '', 0, 'url', 1, 1, 'activity_store_list'),
(62, 60, '店员列表', 'mc', './index.php?c=activity&a=clerk', '', '', 0, 'url', 1, 1, 'activity_clerk_list'),
(63, 60, '微信刷卡收款', 'mc', './index.php?c=paycenter&a=wxmicro&do=pay', '', '', 0, 'url', 1, 1, 'paycenter_wxmicro_pay'),
(64, 60, '店员操作关键字', 'mc', './index.php?c=platform&a=cover&do=clerk', '', '', 0, 'url', 1, 1, 'paycenter_clerk'),
(65, 37, '统计中心', 'mc', '', '', '', 0, 'url', 1, 1, 'stat_center'),
(66, 65, '会员积分统计', 'mc', './index.php?c=stat&a=credit1', '', '', 0, 'url', 1, 1, 'stat_credit1'),
(67, 65, '会员余额统计', 'mc', './index.php?c=stat&a=credit2', '', '', 0, 'url', 1, 1, 'stat_credit2'),
(68, 65, '会员现金消费统计', 'mc', './index.php?c=stat&a=cash', '', '', 0, 'url', 1, 1, 'stat_cash'),
(69, 65, '会员卡统计', 'mc', './index.php?c=stat&a=card', '', '', 0, 'url', 1, 1, 'stat_card'),
(70, 65, '收银台收款统计', 'mc', './index.php?c=stat&a=paycenter', '', '', 0, 'url', 1, 1, 'stat_paycenter'),
(71, 0, '功能选项', 'setting', '', 'fa fa-umbrella', '', 0, 'url', 1, 1, ''),
(72, 71, '公众号选项', 'setting', '', '', '', 0, 'url', 1, 1, 'account_setting'),
(73, 72, '支付参数', 'setting', './index.php?c=profile&a=payment&', '', '', 0, 'url', 1, 1, 'profile_payment'),
(74, 72, '借用 oAuth 权限', 'setting', './index.php?c=mc&a=passport&do=oauth&', '', '', 0, 'url', 1, 1, 'mc_passport_oauth'),
(75, 72, '借用 JS 分享权限', 'setting', './index.php?c=profile&a=jsauth&', '', '', 0, 'url', 1, 1, 'profile_jsauth'),
(76, 72, '会员字段管理', 'setting', './index.php?c=mc&a=fields', '', '', 0, 'url', 1, 1, 'mc_fields'),
(77, 72, '微信通知设置', 'setting', './index.php?c=mc&a=tplnotice', '', '', 0, 'url', 1, 1, 'mc_tplnotice'),
(78, 72, '工作台菜单设置', 'setting', './index.php?c=profile&a=deskmenu', '', '', 0, 'url', 1, 1, 'profile_deskmenu'),
(79, 72, '会员扩展功能', 'setting', './index.php?c=mc&a=plugin', '', '', 0, 'url', 1, 1, 'mc_plugin'),
(80, 71, '会员及粉丝选项', 'setting', '', '', '', 0, 'url', 1, 1, 'mc_setting'),
(81, 80, '积分设置', 'setting', './index.php?c=mc&a=credit&', '', '', 0, 'url', 1, 1, 'mc_credit'),
(82, 80, '注册设置', 'setting', './index.php?c=mc&a=passport&do=passport&', '', '', 0, 'url', 1, 1, 'mc_passport_passport'),
(83, 80, '粉丝同步设置', 'setting', './index.php?c=mc&a=passport&do=sync&', '', '', 0, 'url', 1, 1, 'mc_passport_sync'),
(84, 80, 'UC站点整合', 'setting', './index.php?c=mc&a=uc&', '', '', 0, 'url', 1, 1, 'mc_uc'),
(85, 80, '邮件通知参数', 'setting', './index.php?c=profile&a=notify', '', '', 0, 'url', 1, 1, 'profile_notify'),
(86, 71, '其他功能选项', 'setting', '', '', '', 0, 'url', 1, 1, 'others_setting'),
(87, 0, '扩展功能', 'ext', '', 'fa fa-cubes', '', 0, 'url', 1, 1, ''),
(88, 87, '管理', 'ext', '', '', '', 0, 'url', 1, 1, ''),
(89, 88, '扩展功能管理', 'ext', './index.php?c=profile&a=module&', '', '', 0, 'url', 1, 1, 'profile_module');

-- --------------------------------------------------------

--
-- 表的结构 `zyb_core_paylog`
--

CREATE TABLE IF NOT EXISTS `zyb_core_paylog` (
  `plid` bigint(11) unsigned NOT NULL AUTO_INCREMENT,
  `type` varchar(20) NOT NULL,
  `uniacid` int(11) NOT NULL,
  `acid` int(10) NOT NULL,
  `openid` varchar(40) NOT NULL,
  `uniontid` varchar(64) NOT NULL,
  `tid` varchar(128) NOT NULL,
  `fee` decimal(10,2) NOT NULL,
  `status` tinyint(4) NOT NULL,
  `module` varchar(50) NOT NULL,
  `tag` varchar(2000) NOT NULL,
  `is_usecard` tinyint(3) unsigned NOT NULL,
  `card_type` tinyint(3) unsigned NOT NULL,
  `card_id` varchar(50) NOT NULL,
  `card_fee` decimal(10,2) unsigned NOT NULL,
  `encrypt_code` varchar(100) NOT NULL,
  PRIMARY KEY (`plid`),
  KEY `idx_openid` (`openid`),
  KEY `idx_tid` (`tid`),
  KEY `idx_uniacid` (`uniacid`),
  KEY `uniontid` (`uniontid`)
) ENGINE=MyISAM DEFAULT CHARSET=utf8 AUTO_INCREMENT=1 ;

-- --------------------------------------------------------

--
-- 表的结构 `zyb_core_performance`
--

CREATE TABLE IF NOT EXISTS `zyb_core_performance` (
  `id` int(10) unsigned NOT NULL AUTO_INCREMENT,
  `type` tinyint(1) NOT NULL,
  `runtime` varchar(10) NOT NULL,
  `runurl` varchar(512) NOT NULL,
  `runsql` varchar(512) NOT NULL,
  `createtime` int(10) NOT NULL,
  PRIMARY KEY (`id`)
) ENGINE=MyISAM DEFAULT CHARSET=utf8 AUTO_INCREMENT=1 ;

-- --------------------------------------------------------

--
-- 表的结构 `zyb_core_queue`
--

CREATE TABLE IF NOT EXISTS `zyb_core_queue` (
  `qid` bigint(20) unsigned NOT NULL AUTO_INCREMENT,
  `uniacid` int(10) unsigned NOT NULL,
  `acid` int(10) unsigned NOT NULL,
  `message` varchar(2000) NOT NULL,
  `params` varchar(1000) NOT NULL,
  `keyword` varchar(1000) NOT NULL,
  `response` varchar(2000) NOT NULL,
  `module` varchar(50) NOT NULL,
  `type` tinyint(3) unsigned NOT NULL,
  `dateline` int(10) unsigned NOT NULL,
  PRIMARY KEY (`qid`),
  KEY `uniacid` (`uniacid`,`acid`),
  KEY `module` (`module`),
  KEY `dateline` (`dateline`)
) ENGINE=MyISAM DEFAULT CHARSET=utf8 AUTO_INCREMENT=1 ;

-- --------------------------------------------------------

--
-- 表的结构 `zyb_core_resource`
--

CREATE TABLE IF NOT EXISTS `zyb_core_resource` (
  `mid` int(11) NOT NULL AUTO_INCREMENT,
  `uniacid` int(10) unsigned NOT NULL,
  `media_id` varchar(100) NOT NULL,
  `trunk` int(10) unsigned NOT NULL,
  `type` varchar(10) NOT NULL,
  `dateline` int(10) unsigned NOT NULL,
  PRIMARY KEY (`mid`),
  KEY `acid` (`uniacid`),
  KEY `type` (`type`)
) ENGINE=MyISAM DEFAULT CHARSET=utf8 AUTO_INCREMENT=1 ;

-- --------------------------------------------------------

--
-- 表的结构 `zyb_core_sendsms_log`
--

CREATE TABLE IF NOT EXISTS `zyb_core_sendsms_log` (
  `id` int(10) unsigned NOT NULL AUTO_INCREMENT,
  `uniacid` int(10) unsigned NOT NULL,
  `mobile` varchar(11) NOT NULL,
  `content` varchar(255) NOT NULL,
  `result` varchar(255) NOT NULL,
  `createtime` int(11) unsigned NOT NULL,
  PRIMARY KEY (`id`)
) ENGINE=MyISAM DEFAULT CHARSET=utf8 AUTO_INCREMENT=1 ;

-- --------------------------------------------------------

--
-- 表的结构 `zyb_core_sessions`
--

CREATE TABLE IF NOT EXISTS `zyb_core_sessions` (
  `sid` char(32) NOT NULL,
  `uniacid` int(10) unsigned NOT NULL,
  `openid` varchar(50) NOT NULL,
  `data` varchar(5000) NOT NULL,
  `expiretime` int(10) unsigned NOT NULL,
  PRIMARY KEY (`sid`)
) ENGINE=MyISAM DEFAULT CHARSET=utf8;

--
-- 转存表中的数据 `zyb_core_sessions`
--

INSERT INTO `zyb_core_sessions` (`sid`, `uniacid`, `openid`, `data`, `expiretime`) VALUES
('88b43873e525750359f3d5f70a9ce98f', 1, 'oxmO9vmKXFSY30njvJsF4NXj2w9o', 'openid|s:28:"oxmO9vmKXFSY30njvJsF4NXj2w9o";', 1473671847),
('39756a1abefdd9c0449fbedc3679b1b1', 1, 'oxmO9vgQ7a-_7pJylOe_3eUB0Lfc', 'openid|s:28:"oxmO9vgQ7a-_7pJylOe_3eUB0Lfc";', 1475032649),
('6f6fa97548a583b679e31d4039a4412f', 1, '223.73.6.14', 'acid|s:1:"1";uniacid|i:1;token|a:4:{s:4:"ebt5";i:1475201843;s:4:"BYPs";i:1475201846;s:4:"AVxc";i:1475201859;s:4:"nOon";i:1475201866;}', 1475205466);

-- --------------------------------------------------------

--
-- 表的结构 `zyb_core_settings`
--

CREATE TABLE IF NOT EXISTS `zyb_core_settings` (
  `key` varchar(200) NOT NULL,
  `value` text NOT NULL,
  PRIMARY KEY (`key`)
) ENGINE=MyISAM DEFAULT CHARSET=utf8;

--
-- 转存表中的数据 `zyb_core_settings`
--

INSERT INTO `zyb_core_settings` (`key`, `value`) VALUES
('copyright', 'a:1:{s:6:"slides";a:3:{i:0;s:58:"https://img.alicdn.com/tps/TB1pfG4IFXXXXc6XXXXXXXXXXXX.jpg";i:1;s:58:"https://img.alicdn.com/tps/TB1sXGYIFXXXXc5XpXXXXXXXXXX.jpg";i:2;s:58:"https://img.alicdn.com/tps/TB1h9xxIFXXXXbKXXXXXXXXXXXX.jpg";}}'),
('authmode', 'i:1;'),
('close', 'a:2:{s:6:"status";s:1:"0";s:6:"reason";s:0:"";}'),
('register', 'a:4:{s:4:"open";i:1;s:6:"verify";i:0;s:4:"code";i:1;s:7:"groupid";i:1;}'),
('site', 'a:5:{s:3:"key";s:5:"67240";s:5:"token";s:32:"ebozsgoc2jiavyk1popg5xuq5jno2eae";s:3:"url";s:27:"http://123.207.8.156/weixin";s:7:"version";s:3:"0.8";s:15:"profile_perfect";b:1;}'),
('cloudip', 'a:2:{s:2:"ip";s:14:"222.161.220.33";s:6:"expire";i:1478942346;}');

-- --------------------------------------------------------

--
-- 表的结构 `zyb_coupon`
--

CREATE TABLE IF NOT EXISTS `zyb_coupon` (
  `id` int(10) unsigned NOT NULL AUTO_INCREMENT,
  `uniacid` int(10) unsigned NOT NULL,
  `acid` int(10) unsigned NOT NULL,
  `card_id` varchar(50) NOT NULL,
  `type` varchar(15) NOT NULL,
  `logo_url` varchar(150) NOT NULL,
  `code_type` tinyint(3) unsigned NOT NULL,
  `brand_name` varchar(15) NOT NULL,
  `title` varchar(15) NOT NULL,
  `sub_title` varchar(20) NOT NULL,
  `color` varchar(15) NOT NULL,
  `notice` varchar(15) NOT NULL,
  `description` varchar(1000) NOT NULL,
  `date_info` varchar(200) NOT NULL,
  `quantity` int(10) unsigned NOT NULL,
  `use_custom_code` tinyint(3) NOT NULL,
  `bind_openid` tinyint(3) unsigned NOT NULL,
  `can_share` tinyint(3) unsigned NOT NULL,
  `can_give_friend` tinyint(3) unsigned NOT NULL,
  `get_limit` tinyint(3) unsigned NOT NULL,
  `service_phone` varchar(20) NOT NULL,
  `extra` varchar(1000) NOT NULL,
  `status` tinyint(3) unsigned NOT NULL,
  `is_display` tinyint(3) unsigned NOT NULL,
  `is_selfconsume` tinyint(3) unsigned NOT NULL,
  `promotion_url_name` varchar(10) NOT NULL,
  `promotion_url` varchar(100) NOT NULL,
  `promotion_url_sub_title` varchar(10) NOT NULL,
  `source` tinyint(3) unsigned NOT NULL,
  `dosage` int(10) unsigned DEFAULT NULL,
  PRIMARY KEY (`id`),
  KEY `uniacid` (`uniacid`,`acid`)
) ENGINE=MyISAM DEFAULT CHARSET=utf8 AUTO_INCREMENT=1 ;

-- --------------------------------------------------------

--
-- 表的结构 `zyb_coupon_activity`
--

CREATE TABLE IF NOT EXISTS `zyb_coupon_activity` (
  `id` int(10) unsigned NOT NULL AUTO_INCREMENT,
  `uniacid` int(10) NOT NULL,
  `msg_id` int(10) NOT NULL,
  `status` int(10) NOT NULL,
  `title` varchar(255) NOT NULL,
  `type` int(3) NOT NULL,
  `thumb` varchar(255) NOT NULL,
  `coupons` varchar(255) NOT NULL,
  `description` varchar(255) NOT NULL,
  `members` varchar(255) NOT NULL,
  PRIMARY KEY (`id`)
) ENGINE=MyISAM DEFAULT CHARSET=utf8 AUTO_INCREMENT=1 ;

-- --------------------------------------------------------

--
-- 表的结构 `zyb_coupon_groups`
--

CREATE TABLE IF NOT EXISTS `zyb_coupon_groups` (
  `id` int(10) unsigned NOT NULL AUTO_INCREMENT,
  `uniacid` int(10) NOT NULL,
  `couponid` varchar(255) NOT NULL,
  `groupid` int(10) NOT NULL,
  PRIMARY KEY (`id`)
) ENGINE=MyISAM DEFAULT CHARSET=utf8 AUTO_INCREMENT=1 ;

-- --------------------------------------------------------

--
-- 表的结构 `zyb_coupon_location`
--

CREATE TABLE IF NOT EXISTS `zyb_coupon_location` (
  `id` int(10) unsigned NOT NULL AUTO_INCREMENT,
  `uniacid` int(10) unsigned NOT NULL,
  `acid` int(10) unsigned NOT NULL,
  `sid` int(10) unsigned NOT NULL,
  `location_id` int(10) unsigned NOT NULL,
  `business_name` varchar(50) NOT NULL,
  `branch_name` varchar(50) NOT NULL,
  `category` varchar(255) NOT NULL,
  `province` varchar(15) NOT NULL,
  `city` varchar(15) NOT NULL,
  `district` varchar(15) NOT NULL,
  `address` varchar(50) NOT NULL,
  `longitude` varchar(15) NOT NULL,
  `latitude` varchar(15) NOT NULL,
  `telephone` varchar(20) NOT NULL,
  `photo_list` varchar(10000) NOT NULL,
  `avg_price` int(10) unsigned NOT NULL,
  `open_time` varchar(50) NOT NULL,
  `recommend` varchar(255) NOT NULL,
  `special` varchar(255) NOT NULL,
  `introduction` varchar(255) NOT NULL,
  `offset_type` tinyint(3) unsigned NOT NULL,
  `status` tinyint(3) unsigned NOT NULL,
  `message` varchar(255) NOT NULL,
  PRIMARY KEY (`id`),
  KEY `uniacid` (`uniacid`,`acid`)
) ENGINE=MyISAM DEFAULT CHARSET=utf8 AUTO_INCREMENT=1 ;

-- --------------------------------------------------------

--
-- 表的结构 `zyb_coupon_modules`
--

CREATE TABLE IF NOT EXISTS `zyb_coupon_modules` (
  `id` int(10) unsigned NOT NULL AUTO_INCREMENT,
  `uniacid` int(10) unsigned NOT NULL,
  `acid` int(10) unsigned NOT NULL,
  `couponid` int(10) unsigned NOT NULL,
  `module` varchar(30) NOT NULL,
  PRIMARY KEY (`id`),
  KEY `uniacid` (`uniacid`,`acid`),
  KEY `couponid` (`couponid`)
) ENGINE=MyISAM DEFAULT CHARSET=utf8 AUTO_INCREMENT=1 ;

-- --------------------------------------------------------

--
-- 表的结构 `zyb_coupon_record`
--

CREATE TABLE IF NOT EXISTS `zyb_coupon_record` (
  `id` int(10) unsigned NOT NULL AUTO_INCREMENT,
  `uniacid` int(10) unsigned NOT NULL,
  `acid` int(10) unsigned NOT NULL,
  `card_id` varchar(50) NOT NULL,
  `openid` varchar(50) NOT NULL,
  `friend_openid` varchar(50) NOT NULL,
  `givebyfriend` tinyint(3) unsigned NOT NULL,
  `code` varchar(50) NOT NULL,
  `hash` varchar(32) NOT NULL,
  `addtime` int(10) unsigned NOT NULL,
  `usetime` int(10) unsigned NOT NULL,
  `status` tinyint(3) NOT NULL,
  `clerk_name` varchar(15) NOT NULL,
  `clerk_id` int(10) unsigned NOT NULL,
  `store_id` int(10) unsigned NOT NULL,
  `clerk_type` tinyint(3) unsigned NOT NULL,
  `couponid` int(10) unsigned NOT NULL,
  `uid` int(10) unsigned NOT NULL,
  `grantmodule` varchar(255) NOT NULL,
  `remark` varchar(255) NOT NULL,
  PRIMARY KEY (`id`),
  KEY `uniacid` (`uniacid`,`acid`),
  KEY `card_id` (`card_id`),
  KEY `hash` (`hash`)
) ENGINE=MyISAM DEFAULT CHARSET=utf8 AUTO_INCREMENT=1 ;

-- --------------------------------------------------------

--
-- 表的结构 `zyb_coupon_store`
--

CREATE TABLE IF NOT EXISTS `zyb_coupon_store` (
  `id` int(10) unsigned NOT NULL AUTO_INCREMENT,
  `uniacid` int(10) NOT NULL,
  `couponid` varchar(255) NOT NULL,
  `storeid` int(10) unsigned NOT NULL,
  PRIMARY KEY (`id`),
  KEY `couponid` (`couponid`)
) ENGINE=MyISAM DEFAULT CHARSET=utf8 AUTO_INCREMENT=1 ;

-- --------------------------------------------------------

--
-- 表的结构 `zyb_cover_reply`
--

CREATE TABLE IF NOT EXISTS `zyb_cover_reply` (
  `id` int(10) unsigned NOT NULL AUTO_INCREMENT,
  `uniacid` int(10) unsigned NOT NULL,
  `multiid` int(10) unsigned NOT NULL,
  `rid` int(10) unsigned NOT NULL,
  `module` varchar(30) NOT NULL,
  `do` varchar(30) NOT NULL,
  `title` varchar(255) NOT NULL,
  `description` varchar(255) NOT NULL,
  `thumb` varchar(255) NOT NULL,
  `url` varchar(255) NOT NULL,
  PRIMARY KEY (`id`),
  KEY `rid` (`rid`)
) ENGINE=MyISAM  DEFAULT CHARSET=utf8 AUTO_INCREMENT=3 ;

--
-- 转存表中的数据 `zyb_cover_reply`
--

INSERT INTO `zyb_cover_reply` (`id`, `uniacid`, `multiid`, `rid`, `module`, `do`, `title`, `description`, `thumb`, `url`) VALUES
(1, 1, 0, 7, 'mc', '', '进入个人中心', '', '', './index.php?c=mc&a=home&i=1'),
(2, 1, 1, 8, 'site', '', '进入首页', '', '', './index.php?c=home&i=1&t=1');

-- --------------------------------------------------------

--
-- 表的结构 `zyb_custom_reply`
--

CREATE TABLE IF NOT EXISTS `zyb_custom_reply` (
  `id` int(10) unsigned NOT NULL AUTO_INCREMENT,
  `rid` int(10) unsigned NOT NULL,
  `start1` int(10) NOT NULL,
  `end1` int(10) NOT NULL,
  `start2` int(10) NOT NULL,
  `end2` int(10) NOT NULL,
  PRIMARY KEY (`id`),
  KEY `rid` (`rid`)
) ENGINE=MyISAM DEFAULT CHARSET=utf8 AUTO_INCREMENT=1 ;

-- --------------------------------------------------------

--
-- 表的结构 `zyb_images_reply`
--

CREATE TABLE IF NOT EXISTS `zyb_images_reply` (
  `id` int(10) unsigned NOT NULL AUTO_INCREMENT,
  `rid` int(10) unsigned NOT NULL,
  `title` varchar(50) NOT NULL,
  `description` varchar(255) NOT NULL,
  `mediaid` varchar(255) NOT NULL,
  `createtime` int(10) NOT NULL,
  PRIMARY KEY (`id`),
  KEY `rid` (`rid`)
) ENGINE=MyISAM DEFAULT CHARSET=utf8 AUTO_INCREMENT=1 ;

-- --------------------------------------------------------

--
-- 表的结构 `zyb_mc_card`
--

CREATE TABLE IF NOT EXISTS `zyb_mc_card` (
  `id` int(10) unsigned NOT NULL AUTO_INCREMENT,
  `uniacid` int(10) unsigned NOT NULL,
  `title` varchar(100) NOT NULL,
  `color` varchar(255) NOT NULL,
  `background` varchar(255) NOT NULL,
  `logo` varchar(255) NOT NULL,
  `format_type` tinyint(3) unsigned NOT NULL,
  `format` varchar(50) NOT NULL,
  `description` varchar(512) NOT NULL,
  `fields` varchar(1000) NOT NULL,
  `snpos` int(11) NOT NULL,
  `status` tinyint(1) NOT NULL,
  `business` text NOT NULL,
  `discount_type` tinyint(3) unsigned NOT NULL,
  `discount` varchar(3000) NOT NULL,
  `grant` varchar(3000) NOT NULL,
  `grant_rate` varchar(20) NOT NULL,
  `offset_rate` int(10) unsigned NOT NULL,
  `offset_max` int(10) NOT NULL,
  `nums_status` tinyint(3) unsigned NOT NULL,
  `nums_text` varchar(15) NOT NULL,
  `nums` varchar(1000) NOT NULL,
  `times_status` tinyint(3) unsigned NOT NULL,
  `times_text` varchar(15) NOT NULL,
  `times` varchar(1000) NOT NULL,
  `params` longtext NOT NULL,
  `html` longtext NOT NULL,
  `recommend_status` tinyint(3) unsigned NOT NULL,
  `sign_status` tinyint(3) unsigned NOT NULL,
  PRIMARY KEY (`id`),
  KEY `uniacid` (`uniacid`)
) ENGINE=MyISAM DEFAULT CHARSET=utf8 AUTO_INCREMENT=1 ;

-- --------------------------------------------------------

--
-- 表的结构 `zyb_mc_card_care`
--

CREATE TABLE IF NOT EXISTS `zyb_mc_card_care` (
  `id` int(10) unsigned NOT NULL AUTO_INCREMENT,
  `uniacid` int(10) unsigned NOT NULL,
  `title` varchar(30) NOT NULL,
  `type` tinyint(3) unsigned NOT NULL,
  `groupid` int(10) unsigned NOT NULL,
  `credit1` int(10) unsigned NOT NULL,
  `credit2` int(10) unsigned NOT NULL,
  `couponid` int(10) unsigned NOT NULL,
  `granttime` int(10) unsigned NOT NULL,
  `days` int(10) unsigned NOT NULL,
  `time` tinyint(3) unsigned NOT NULL,
  `show_in_card` tinyint(3) unsigned NOT NULL,
  `content` varchar(1000) NOT NULL,
  `sms_notice` tinyint(3) unsigned NOT NULL,
  PRIMARY KEY (`id`),
  KEY `uniacid` (`uniacid`)
) ENGINE=MyISAM DEFAULT CHARSET=utf8 AUTO_INCREMENT=1 ;

-- --------------------------------------------------------

--
-- 表的结构 `zyb_mc_card_credit_set`
--

CREATE TABLE IF NOT EXISTS `zyb_mc_card_credit_set` (
  `id` int(10) unsigned NOT NULL AUTO_INCREMENT,
  `uniacid` int(10) unsigned NOT NULL,
  `sign` varchar(1000) NOT NULL,
  `share` varchar(500) NOT NULL,
  `content` text NOT NULL,
  PRIMARY KEY (`id`),
  KEY `uniacid` (`uniacid`)
) ENGINE=MyISAM DEFAULT CHARSET=utf8 AUTO_INCREMENT=1 ;

-- --------------------------------------------------------

--
-- 表的结构 `zyb_mc_card_members`
--

CREATE TABLE IF NOT EXISTS `zyb_mc_card_members` (
  `id` int(10) unsigned NOT NULL AUTO_INCREMENT,
  `uniacid` int(10) unsigned NOT NULL,
  `uid` int(10) DEFAULT NULL,
  `openid` varchar(50) NOT NULL,
  `cid` int(10) NOT NULL,
  `cardsn` varchar(20) NOT NULL,
  `status` tinyint(1) NOT NULL,
  `createtime` int(10) unsigned NOT NULL,
  `nums` int(10) unsigned NOT NULL,
  `endtime` int(10) unsigned NOT NULL,
  PRIMARY KEY (`id`)
) ENGINE=MyISAM DEFAULT CHARSET=utf8 AUTO_INCREMENT=1 ;

-- --------------------------------------------------------

--
-- 表的结构 `zyb_mc_card_notices`
--

CREATE TABLE IF NOT EXISTS `zyb_mc_card_notices` (
  `id` int(10) unsigned NOT NULL AUTO_INCREMENT,
  `uniacid` int(10) unsigned NOT NULL,
  `uid` int(10) unsigned NOT NULL,
  `type` tinyint(3) unsigned NOT NULL,
  `title` varchar(30) NOT NULL,
  `thumb` varchar(100) NOT NULL,
  `groupid` int(10) unsigned NOT NULL,
  `content` text NOT NULL,
  `addtime` int(10) unsigned NOT NULL,
  PRIMARY KEY (`id`),
  KEY `uniacid` (`uniacid`),
  KEY `uid` (`uid`)
) ENGINE=MyISAM DEFAULT CHARSET=utf8 AUTO_INCREMENT=1 ;

-- --------------------------------------------------------

--
-- 表的结构 `zyb_mc_card_notices_unread`
--

CREATE TABLE IF NOT EXISTS `zyb_mc_card_notices_unread` (
  `id` int(10) unsigned NOT NULL AUTO_INCREMENT,
  `uniacid` int(10) unsigned NOT NULL,
  `notice_id` int(10) unsigned NOT NULL,
  `uid` int(10) unsigned NOT NULL,
  `is_new` tinyint(3) unsigned NOT NULL,
  `type` tinyint(3) unsigned NOT NULL,
  PRIMARY KEY (`id`),
  KEY `uniacid` (`uniacid`),
  KEY `uid` (`uid`),
  KEY `notice_id` (`notice_id`)
) ENGINE=MyISAM DEFAULT CHARSET=utf8 AUTO_INCREMENT=1 ;

-- --------------------------------------------------------

--
-- 表的结构 `zyb_mc_card_recommend`
--

CREATE TABLE IF NOT EXISTS `zyb_mc_card_recommend` (
  `id` int(10) unsigned NOT NULL AUTO_INCREMENT,
  `uniacid` int(10) unsigned NOT NULL,
  `title` varchar(30) NOT NULL,
  `thumb` varchar(100) NOT NULL,
  `url` varchar(100) NOT NULL,
  `displayorder` tinyint(3) unsigned NOT NULL,
  `addtime` int(10) unsigned NOT NULL,
  PRIMARY KEY (`id`),
  KEY `uniacid` (`uniacid`)
) ENGINE=MyISAM DEFAULT CHARSET=utf8 AUTO_INCREMENT=1 ;

-- --------------------------------------------------------

--
-- 表的结构 `zyb_mc_card_record`
--

CREATE TABLE IF NOT EXISTS `zyb_mc_card_record` (
  `id` int(10) unsigned NOT NULL AUTO_INCREMENT,
  `uniacid` int(10) unsigned NOT NULL,
  `uid` int(10) unsigned NOT NULL,
  `type` varchar(15) NOT NULL,
  `model` tinyint(3) unsigned NOT NULL,
  `fee` decimal(10,2) unsigned NOT NULL,
  `tag` varchar(10) NOT NULL,
  `note` varchar(255) NOT NULL,
  `remark` varchar(200) NOT NULL,
  `addtime` int(10) unsigned NOT NULL,
  PRIMARY KEY (`id`),
  KEY `uniacid` (`uniacid`),
  KEY `uid` (`uid`),
  KEY `addtime` (`addtime`)
) ENGINE=MyISAM DEFAULT CHARSET=utf8 AUTO_INCREMENT=1 ;

-- --------------------------------------------------------

--
-- 表的结构 `zyb_mc_card_sign_record`
--

CREATE TABLE IF NOT EXISTS `zyb_mc_card_sign_record` (
  `id` int(10) unsigned NOT NULL AUTO_INCREMENT,
  `uniacid` int(10) unsigned NOT NULL,
  `uid` int(10) unsigned NOT NULL,
  `credit` int(10) unsigned NOT NULL,
  `is_grant` tinyint(3) unsigned NOT NULL,
  `addtime` int(10) unsigned NOT NULL,
  PRIMARY KEY (`id`),
  KEY `uniacid` (`uniacid`),
  KEY `uid` (`uid`)
) ENGINE=MyISAM DEFAULT CHARSET=utf8 AUTO_INCREMENT=1 ;

-- --------------------------------------------------------

--
-- 表的结构 `zyb_mc_cash_record`
--

CREATE TABLE IF NOT EXISTS `zyb_mc_cash_record` (
  `id` int(10) unsigned NOT NULL AUTO_INCREMENT,
  `uniacid` int(10) unsigned NOT NULL,
  `uid` int(10) unsigned NOT NULL,
  `clerk_id` int(10) unsigned NOT NULL,
  `store_id` int(10) unsigned NOT NULL,
  `clerk_type` tinyint(3) unsigned NOT NULL,
  `fee` decimal(10,2) unsigned NOT NULL,
  `final_fee` decimal(10,2) unsigned NOT NULL,
  `credit1` int(10) unsigned NOT NULL,
  `credit1_fee` decimal(10,2) unsigned NOT NULL,
  `credit2` decimal(10,2) unsigned NOT NULL,
  `cash` decimal(10,2) unsigned NOT NULL,
  `return_cash` decimal(10,2) unsigned NOT NULL,
  `final_cash` decimal(10,2) unsigned NOT NULL,
  `remark` varchar(255) NOT NULL,
  `createtime` int(10) unsigned NOT NULL,
  PRIMARY KEY (`id`),
  KEY `uniacid` (`uniacid`),
  KEY `uid` (`uid`)
) ENGINE=MyISAM DEFAULT CHARSET=utf8 AUTO_INCREMENT=1 ;

-- --------------------------------------------------------

--
-- 表的结构 `zyb_mc_chats_record`
--

CREATE TABLE IF NOT EXISTS `zyb_mc_chats_record` (
  `id` int(10) unsigned NOT NULL AUTO_INCREMENT,
  `uniacid` int(10) unsigned NOT NULL,
  `acid` int(10) unsigned NOT NULL,
  `flag` tinyint(3) unsigned NOT NULL,
  `openid` varchar(32) NOT NULL,
  `msgtype` varchar(15) NOT NULL,
  `content` varchar(10000) NOT NULL,
  `createtime` int(10) unsigned NOT NULL,
  PRIMARY KEY (`id`),
  KEY `uniacid` (`uniacid`,`acid`),
  KEY `openid` (`openid`),
  KEY `createtime` (`createtime`)
) ENGINE=MyISAM DEFAULT CHARSET=utf8 AUTO_INCREMENT=1 ;

-- --------------------------------------------------------

--
-- 表的结构 `zyb_mc_credits_recharge`
--

CREATE TABLE IF NOT EXISTS `zyb_mc_credits_recharge` (
  `id` int(10) unsigned NOT NULL AUTO_INCREMENT,
  `uniacid` int(10) unsigned NOT NULL,
  `uid` int(10) unsigned NOT NULL,
  `openid` varchar(50) NOT NULL,
  `tid` varchar(64) NOT NULL,
  `transid` varchar(30) NOT NULL,
  `fee` varchar(10) NOT NULL,
  `type` varchar(15) NOT NULL,
  `tag` varchar(10) NOT NULL,
  `status` tinyint(1) NOT NULL,
  `createtime` int(10) unsigned NOT NULL,
  `backtype` tinyint(3) unsigned NOT NULL,
  PRIMARY KEY (`id`),
  KEY `idx_uniacid_uid` (`uniacid`,`uid`),
  KEY `idx_tid` (`tid`)
) ENGINE=MyISAM DEFAULT CHARSET=utf8 AUTO_INCREMENT=1 ;

-- --------------------------------------------------------

--
-- 表的结构 `zyb_mc_credits_record`
--

CREATE TABLE IF NOT EXISTS `zyb_mc_credits_record` (
  `id` int(11) NOT NULL AUTO_INCREMENT,
  `uid` int(10) unsigned NOT NULL,
  `uniacid` int(11) NOT NULL,
  `credittype` varchar(10) NOT NULL,
  `num` decimal(10,2) NOT NULL,
  `operator` int(10) unsigned NOT NULL,
  `module` varchar(30) NOT NULL,
  `clerk_id` int(10) unsigned NOT NULL,
  `store_id` int(10) unsigned NOT NULL,
  `clerk_type` tinyint(3) unsigned NOT NULL,
  `createtime` int(10) unsigned NOT NULL,
  `remark` varchar(200) NOT NULL,
  PRIMARY KEY (`id`),
  KEY `uniacid` (`uniacid`),
  KEY `uid` (`uid`)
) ENGINE=MyISAM DEFAULT CHARSET=utf8 AUTO_INCREMENT=1 ;

-- --------------------------------------------------------

--
-- 表的结构 `zyb_mc_fans_groups`
--

CREATE TABLE IF NOT EXISTS `zyb_mc_fans_groups` (
  `id` int(10) unsigned NOT NULL AUTO_INCREMENT,
  `uniacid` int(10) unsigned NOT NULL,
  `acid` int(10) unsigned NOT NULL,
  `groups` varchar(10000) NOT NULL,
  PRIMARY KEY (`id`),
  KEY `uniacid` (`uniacid`)
) ENGINE=MyISAM DEFAULT CHARSET=utf8 AUTO_INCREMENT=1 ;

-- --------------------------------------------------------

--
-- 表的结构 `zyb_mc_fans_tag_mapping`
--

CREATE TABLE IF NOT EXISTS `zyb_mc_fans_tag_mapping` (
  `id` int(11) unsigned NOT NULL AUTO_INCREMENT,
  `fanid` int(11) unsigned NOT NULL,
  `tagid` tinyint(3) unsigned NOT NULL,
  PRIMARY KEY (`id`),
  UNIQUE KEY `mapping` (`fanid`,`tagid`),
  KEY `fanid_index` (`fanid`),
  KEY `tagid_index` (`tagid`)
) ENGINE=MyISAM DEFAULT CHARSET=utf8 AUTO_INCREMENT=1 ;

-- --------------------------------------------------------

--
-- 表的结构 `zyb_mc_groups`
--

CREATE TABLE IF NOT EXISTS `zyb_mc_groups` (
  `groupid` int(11) NOT NULL AUTO_INCREMENT,
  `uniacid` int(11) NOT NULL,
  `title` varchar(20) NOT NULL,
  `credit` int(10) unsigned NOT NULL,
  `isdefault` tinyint(4) NOT NULL,
  PRIMARY KEY (`groupid`),
  KEY `uniacid` (`uniacid`)
) ENGINE=MyISAM  DEFAULT CHARSET=utf8 AUTO_INCREMENT=2 ;

--
-- 转存表中的数据 `zyb_mc_groups`
--

INSERT INTO `zyb_mc_groups` (`groupid`, `uniacid`, `title`, `credit`, `isdefault`) VALUES
(1, 1, '默认会员组', 0, 1);

-- --------------------------------------------------------

--
-- 表的结构 `zyb_mc_handsel`
--

CREATE TABLE IF NOT EXISTS `zyb_mc_handsel` (
  `id` int(10) unsigned NOT NULL AUTO_INCREMENT,
  `uniacid` int(10) NOT NULL,
  `touid` int(10) unsigned NOT NULL,
  `fromuid` varchar(32) NOT NULL,
  `module` varchar(30) NOT NULL,
  `sign` varchar(100) NOT NULL,
  `action` varchar(20) NOT NULL,
  `credit_value` int(10) unsigned NOT NULL,
  `createtime` int(10) unsigned NOT NULL,
  PRIMARY KEY (`id`),
  KEY `uid` (`touid`),
  KEY `uniacid` (`uniacid`)
) ENGINE=MyISAM DEFAULT CHARSET=utf8 AUTO_INCREMENT=1 ;

-- --------------------------------------------------------

--
-- 表的结构 `zyb_mc_mapping_fans`
--

CREATE TABLE IF NOT EXISTS `zyb_mc_mapping_fans` (
  `fanid` int(10) unsigned NOT NULL AUTO_INCREMENT,
  `acid` int(10) unsigned NOT NULL,
  `uniacid` int(10) unsigned NOT NULL,
  `uid` int(10) unsigned NOT NULL,
  `openid` varchar(50) NOT NULL,
  `nickname` varchar(50) NOT NULL,
  `groupid` varchar(30) NOT NULL,
  `salt` char(8) NOT NULL,
  `follow` tinyint(1) unsigned NOT NULL,
  `followtime` int(10) unsigned NOT NULL,
  `unfollowtime` int(10) unsigned NOT NULL,
  `tag` varchar(1000) NOT NULL,
  `updatetime` int(10) unsigned DEFAULT NULL,
  `unionid` varchar(64) NOT NULL,
  PRIMARY KEY (`fanid`),
  UNIQUE KEY `openid` (`openid`),
  KEY `acid` (`acid`),
  KEY `uniacid` (`uniacid`),
  KEY `nickname` (`nickname`),
  KEY `updatetime` (`updatetime`),
  KEY `uid` (`uid`)
) ENGINE=MyISAM  DEFAULT CHARSET=utf8 AUTO_INCREMENT=3 ;

--
-- 转存表中的数据 `zyb_mc_mapping_fans`
--

INSERT INTO `zyb_mc_mapping_fans` (`fanid`, `acid`, `uniacid`, `uid`, `openid`, `nickname`, `groupid`, `salt`, `follow`, `followtime`, `unfollowtime`, `tag`, `updatetime`, `unionid`) VALUES
(1, 1, 1, 1, 'oxmO9vmKXFSY30njvJsF4NXj2w9o', '', '', 'NFdkSbBU', 1, 1473668247, 0, '', NULL, ''),
(2, 0, 1, 2, '', '', '', '', 0, 0, 0, '', 1475200890, '');

-- --------------------------------------------------------

--
-- 表的结构 `zyb_mc_mapping_ucenter`
--

CREATE TABLE IF NOT EXISTS `zyb_mc_mapping_ucenter` (
  `id` int(10) unsigned NOT NULL AUTO_INCREMENT,
  `uniacid` int(10) unsigned NOT NULL,
  `uid` int(10) unsigned NOT NULL,
  `centeruid` int(10) unsigned NOT NULL,
  PRIMARY KEY (`id`)
) ENGINE=MyISAM DEFAULT CHARSET=utf8 AUTO_INCREMENT=1 ;

-- --------------------------------------------------------

--
-- 表的结构 `zyb_mc_mass_record`
--

CREATE TABLE IF NOT EXISTS `zyb_mc_mass_record` (
  `id` int(10) unsigned NOT NULL AUTO_INCREMENT,
  `uniacid` int(10) unsigned NOT NULL,
  `acid` int(10) unsigned NOT NULL,
  `groupname` varchar(50) NOT NULL,
  `fansnum` int(10) unsigned NOT NULL,
  `msgtype` varchar(10) NOT NULL,
  `content` varchar(10000) NOT NULL,
  `group` int(10) NOT NULL,
  `attach_id` int(10) unsigned NOT NULL,
  `media_id` varchar(100) NOT NULL,
  `type` tinyint(3) unsigned NOT NULL,
  `status` tinyint(3) unsigned NOT NULL,
  `cron_id` int(10) unsigned NOT NULL,
  `sendtime` int(10) unsigned NOT NULL,
  `finalsendtime` int(10) unsigned NOT NULL,
  `createtime` int(10) unsigned NOT NULL,
  PRIMARY KEY (`id`),
  KEY `uniacid` (`uniacid`,`acid`)
) ENGINE=MyISAM DEFAULT CHARSET=utf8 AUTO_INCREMENT=1 ;

-- --------------------------------------------------------

--
-- 表的结构 `zyb_mc_members`
--

CREATE TABLE IF NOT EXISTS `zyb_mc_members` (
  `uid` int(10) unsigned NOT NULL AUTO_INCREMENT,
  `uniacid` int(10) unsigned NOT NULL,
  `mobile` varchar(11) NOT NULL,
  `email` varchar(50) NOT NULL,
  `password` varchar(32) NOT NULL,
  `salt` varchar(8) NOT NULL,
  `groupid` int(11) NOT NULL,
  `credit1` decimal(10,2) unsigned NOT NULL,
  `credit2` decimal(10,2) unsigned NOT NULL,
  `credit3` decimal(10,2) unsigned NOT NULL,
  `credit4` decimal(10,2) unsigned NOT NULL,
  `credit5` decimal(10,2) unsigned NOT NULL,
  `credit6` decimal(10,2) NOT NULL,
  `createtime` int(10) unsigned NOT NULL,
  `realname` varchar(10) NOT NULL,
  `nickname` varchar(20) NOT NULL,
  `avatar` varchar(255) NOT NULL,
  `qq` varchar(15) NOT NULL,
  `vip` tinyint(3) unsigned NOT NULL,
  `gender` tinyint(1) NOT NULL,
  `birthyear` smallint(6) unsigned NOT NULL,
  `birthmonth` tinyint(3) unsigned NOT NULL,
  `birthday` tinyint(3) unsigned NOT NULL,
  `constellation` varchar(10) NOT NULL,
  `zodiac` varchar(5) NOT NULL,
  `telephone` varchar(15) NOT NULL,
  `idcard` varchar(30) NOT NULL,
  `studentid` varchar(50) NOT NULL,
  `grade` varchar(10) NOT NULL,
  `address` varchar(255) NOT NULL,
  `zipcode` varchar(10) NOT NULL,
  `nationality` varchar(30) NOT NULL,
  `resideprovince` varchar(30) NOT NULL,
  `residecity` varchar(30) NOT NULL,
  `residedist` varchar(30) NOT NULL,
  `graduateschool` varchar(50) NOT NULL,
  `company` varchar(50) NOT NULL,
  `education` varchar(10) NOT NULL,
  `occupation` varchar(30) NOT NULL,
  `position` varchar(30) NOT NULL,
  `revenue` varchar(10) NOT NULL,
  `affectivestatus` varchar(30) NOT NULL,
  `lookingfor` varchar(255) NOT NULL,
  `bloodtype` varchar(5) NOT NULL,
  `height` varchar(5) NOT NULL,
  `weight` varchar(5) NOT NULL,
  `alipay` varchar(30) NOT NULL,
  `msn` varchar(30) NOT NULL,
  `taobao` varchar(30) NOT NULL,
  `site` varchar(30) NOT NULL,
  `bio` text NOT NULL,
  `interest` text NOT NULL,
  PRIMARY KEY (`uid`),
  KEY `groupid` (`groupid`),
  KEY `uniacid` (`uniacid`),
  KEY `email` (`email`),
  KEY `mobile` (`mobile`)
) ENGINE=MyISAM  DEFAULT CHARSET=utf8 AUTO_INCREMENT=3 ;

--
-- 转存表中的数据 `zyb_mc_members`
--

INSERT INTO `zyb_mc_members` (`uid`, `uniacid`, `mobile`, `email`, `password`, `salt`, `groupid`, `credit1`, `credit2`, `credit3`, `credit4`, `credit5`, `credit6`, `createtime`, `realname`, `nickname`, `avatar`, `qq`, `vip`, `gender`, `birthyear`, `birthmonth`, `birthday`, `constellation`, `zodiac`, `telephone`, `idcard`, `studentid`, `grade`, `address`, `zipcode`, `nationality`, `resideprovince`, `residecity`, `residedist`, `graduateschool`, `company`, `education`, `occupation`, `position`, `revenue`, `affectivestatus`, `lookingfor`, `bloodtype`, `height`, `weight`, `alipay`, `msn`, `taobao`, `site`, `bio`, `interest`) VALUES
(1, 1, '', '57ae01a93c97e0347a2f8e58ece40557@we7.cc', '34bf1496f01846399a632746f056913e', 'BqBukWw7', 1, '0.00', '0.00', '0.00', '0.00', '0.00', '0.00', 1473668063, '', '', '', '', 0, 0, 0, 0, 0, '', '', '', '', '', '', '', '', '', '', '', '', '', '', '', '', '', '', '', '', '', '', '', '', '', '', '', '', ''),
(2, 1, '', '', '', '', 0, '0.00', '0.00', '0.00', '0.00', '0.00', '0.00', 0, '', '', '', '', 0, 0, 0, 0, 0, '', '', '', '', '', '', '', '', '', '', '', '', '', '', '', '', '', '', '', '', '', '', '', '', '', '', '', '', '');

-- --------------------------------------------------------

--
-- 表的结构 `zyb_mc_member_address`
--

CREATE TABLE IF NOT EXISTS `zyb_mc_member_address` (
  `id` int(10) unsigned NOT NULL AUTO_INCREMENT,
  `uniacid` int(10) unsigned NOT NULL,
  `uid` int(50) unsigned NOT NULL,
  `username` varchar(20) NOT NULL,
  `mobile` varchar(11) NOT NULL,
  `zipcode` varchar(6) NOT NULL,
  `province` varchar(32) NOT NULL,
  `city` varchar(32) NOT NULL,
  `district` varchar(32) NOT NULL,
  `address` varchar(512) NOT NULL,
  `isdefault` tinyint(1) unsigned NOT NULL,
  PRIMARY KEY (`id`),
  KEY `idx_uinacid` (`uniacid`),
  KEY `idx_uid` (`uid`)
) ENGINE=MyISAM DEFAULT CHARSET=utf8 AUTO_INCREMENT=1 ;

-- --------------------------------------------------------

--
-- 表的结构 `zyb_mc_member_fields`
--

CREATE TABLE IF NOT EXISTS `zyb_mc_member_fields` (
  `id` int(10) unsigned NOT NULL AUTO_INCREMENT,
  `uniacid` int(10) NOT NULL,
  `fieldid` int(10) NOT NULL,
  `title` varchar(255) NOT NULL,
  `available` tinyint(1) NOT NULL,
  `displayorder` smallint(6) NOT NULL,
  PRIMARY KEY (`id`),
  KEY `idx_uniacid` (`uniacid`),
  KEY `idx_fieldid` (`fieldid`)
) ENGINE=MyISAM  DEFAULT CHARSET=utf8 AUTO_INCREMENT=37 ;

--
-- 转存表中的数据 `zyb_mc_member_fields`
--

INSERT INTO `zyb_mc_member_fields` (`id`, `uniacid`, `fieldid`, `title`, `available`, `displayorder`) VALUES
(1, 1, 1, '真实姓名', 1, 0),
(2, 1, 2, '昵称', 1, 1),
(3, 1, 3, '头像', 1, 1),
(4, 1, 4, 'QQ号', 1, 0),
(5, 1, 5, '手机号码', 1, 0),
(6, 1, 6, 'VIP级别', 1, 0),
(7, 1, 7, '性别', 1, 0),
(8, 1, 8, '出生生日', 1, 0),
(9, 1, 9, '星座', 1, 0),
(10, 1, 10, '生肖', 1, 0),
(11, 1, 11, '固定电话', 1, 0),
(12, 1, 12, '证件号码', 1, 0),
(13, 1, 13, '学号', 1, 0),
(14, 1, 14, '班级', 1, 0),
(15, 1, 15, '邮寄地址', 1, 0),
(16, 1, 16, '邮编', 1, 0),
(17, 1, 17, '国籍', 1, 0),
(18, 1, 18, '居住地址', 1, 0),
(19, 1, 19, '毕业学校', 1, 0),
(20, 1, 20, '公司', 1, 0),
(21, 1, 21, '学历', 1, 0),
(22, 1, 22, '职业', 1, 0),
(23, 1, 23, '职位', 1, 0),
(24, 1, 24, '年收入', 1, 0),
(25, 1, 25, '情感状态', 1, 0),
(26, 1, 26, ' 交友目的', 1, 0),
(27, 1, 27, '血型', 1, 0),
(28, 1, 28, '身高', 1, 0),
(29, 1, 29, '体重', 1, 0),
(30, 1, 30, '支付宝帐号', 1, 0),
(31, 1, 31, 'MSN', 1, 0),
(32, 1, 32, '电子邮箱', 1, 0),
(33, 1, 33, '阿里旺旺', 1, 0),
(34, 1, 34, '主页', 1, 0),
(35, 1, 35, '自我介绍', 1, 0),
(36, 1, 36, '兴趣爱好', 1, 0);

-- --------------------------------------------------------

--
-- 表的结构 `zyb_mc_oauth_fans`
--

CREATE TABLE IF NOT EXISTS `zyb_mc_oauth_fans` (
  `id` int(10) unsigned NOT NULL AUTO_INCREMENT,
  `oauth_openid` varchar(50) NOT NULL,
  `acid` int(10) unsigned NOT NULL,
  `uid` int(10) unsigned NOT NULL,
  `openid` varchar(50) NOT NULL,
  PRIMARY KEY (`id`),
  KEY `idx_oauthopenid_acid` (`oauth_openid`,`acid`)
) ENGINE=MyISAM DEFAULT CHARSET=utf8 AUTO_INCREMENT=1 ;

-- --------------------------------------------------------

--
-- 表的结构 `zyb_menu_event`
--

CREATE TABLE IF NOT EXISTS `zyb_menu_event` (
  `id` int(10) unsigned NOT NULL AUTO_INCREMENT,
  `uniacid` int(10) unsigned NOT NULL,
  `keyword` varchar(30) NOT NULL,
  `type` varchar(30) NOT NULL,
  `picmd5` varchar(32) NOT NULL,
  `openid` varchar(128) NOT NULL,
  `createtime` int(10) unsigned NOT NULL,
  PRIMARY KEY (`id`),
  KEY `uniacid` (`uniacid`),
  KEY `picmd5` (`picmd5`)
) ENGINE=MyISAM DEFAULT CHARSET=utf8 AUTO_INCREMENT=1 ;

-- --------------------------------------------------------

--
-- 表的结构 `zyb_mobilenumber`
--

CREATE TABLE IF NOT EXISTS `zyb_mobilenumber` (
  `id` int(11) NOT NULL AUTO_INCREMENT,
  `rid` int(10) NOT NULL,
  `enabled` tinyint(1) unsigned NOT NULL,
  `dateline` int(11) DEFAULT NULL,
  PRIMARY KEY (`id`)
) ENGINE=MyISAM DEFAULT CHARSET=utf8 AUTO_INCREMENT=1 ;

-- --------------------------------------------------------

--
-- 表的结构 `zyb_modules`
--

CREATE TABLE IF NOT EXISTS `zyb_modules` (
  `mid` int(10) unsigned NOT NULL AUTO_INCREMENT,
  `name` varchar(100) NOT NULL,
  `type` varchar(20) NOT NULL,
  `title` varchar(100) NOT NULL,
  `version` varchar(10) NOT NULL,
  `ability` varchar(500) NOT NULL,
  `description` varchar(1000) NOT NULL,
  `author` varchar(50) NOT NULL,
  `url` varchar(255) NOT NULL,
  `settings` tinyint(1) NOT NULL,
  `subscribes` varchar(500) NOT NULL,
  `handles` varchar(500) NOT NULL,
  `isrulefields` tinyint(1) NOT NULL,
  `issystem` tinyint(1) unsigned NOT NULL,
  `target` int(10) unsigned NOT NULL,
  `iscard` tinyint(3) unsigned NOT NULL,
  `permissions` varchar(5000) NOT NULL,
  PRIMARY KEY (`mid`),
  KEY `idx_name` (`name`)
) ENGINE=MyISAM  DEFAULT CHARSET=utf8 AUTO_INCREMENT=14 ;

--
-- 转存表中的数据 `zyb_modules`
--

INSERT INTO `zyb_modules` (`mid`, `name`, `type`, `title`, `version`, `ability`, `description`, `author`, `url`, `settings`, `subscribes`, `handles`, `isrulefields`, `issystem`, `target`, `iscard`, `permissions`) VALUES
(1, 'basic', 'system', '基本文字回复', '1.0', '和您进行简单对话', '一问一答得简单对话. 当访客的对话语句中包含指定关键字, 或对话语句完全等于特定关键字, 或符合某些特定的格式时. 系统自动应答设定好的回复内容.', 'WeEngine Team', 'http://www.we7.cc/', 0, '', '', 1, 1, 0, 0, ''),
(2, 'news', 'system', '基本混合图文回复', '1.0', '为你提供生动的图文资讯', '一问一答得简单对话, 但是回复内容包括图片文字等更生动的媒体内容. 当访客的对话语句中包含指定关键字, 或对话语句完全等于特定关键字, 或符合某些特定的格式时. 系统自动应答设定好的图文回复内容.', 'WeEngine Team', 'http://www.we7.cc/', 0, '', '', 1, 1, 0, 0, ''),
(3, 'music', 'system', '基本音乐回复', '1.0', '提供语音、音乐等音频类回复', '在回复规则中可选择具有语音、音乐等音频类的回复内容，并根据用户所设置的特定关键字精准的返回给粉丝，实现一问一答得简单对话。', 'WeEngine Team', 'http://www.we7.cc/', 0, '', '', 1, 1, 0, 0, ''),
(4, 'userapi', 'system', '自定义接口回复', '1.1', '更方便的第三方接口设置', '自定义接口又称第三方接口，可以让开发者更方便的接入微擎系统，高效的与微信公众平台进行对接整合。', 'WeEngine Team', 'http://www.we7.cc/', 0, '', '', 1, 1, 0, 0, ''),
(5, 'recharge', 'system', '会员中心充值模块', '1.0', '提供会员充值功能', '', 'WeEngine Team', 'http://www.we7.cc/', 0, '', '', 0, 1, 0, 0, ''),
(6, 'custom', 'system', '多客服转接', '1.0.0', '用来接入腾讯的多客服系统', '', 'WeEngine Team', 'http://bbs.we7.cc', 0, 'a:0:{}', 'a:6:{i:0;s:5:"image";i:1;s:5:"voice";i:2;s:5:"video";i:3;s:8:"location";i:4;s:4:"link";i:5;s:4:"text";}', 1, 1, 0, 0, ''),
(7, 'images', 'system', '基本图片回复', '1.0', '提供图片回复', '在回复规则中可选择具有图片的回复内容，并根据用户所设置的特定关键字精准的返回给粉丝图片。', 'WeEngine Team', 'http://www.we7.cc/', 0, '', '', 1, 1, 0, 0, ''),
(8, 'video', 'system', '基本视频回复', '1.0', '提供图片回复', '在回复规则中可选择具有视频的回复内容，并根据用户所设置的特定关键字精准的返回给粉丝视频。', 'WeEngine Team', 'http://www.we7.cc/', 0, '', '', 1, 1, 0, 0, ''),
(9, 'voice', 'system', '基本语音回复', '1.0', '提供语音回复', '在回复规则中可选择具有语音的回复内容，并根据用户所设置的特定关键字精准的返回给粉丝语音。', 'WeEngine Team', 'http://www.we7.cc/', 0, '', '', 1, 1, 0, 0, ''),
(10, 'chats', 'system', '发送客服消息', '1.0', '公众号可以在粉丝最后发送消息的48小时内无限制发送消息', '', 'WeEngine Team', 'http://www.we7.cc/', 0, '', '', 0, 1, 0, 0, ''),
(11, 'wxcard', 'system', '微信卡券回复', '1.0', '微信卡券回复', '微信卡券回复', 'WeEngine Team', 'http://www.we7.cc/', 0, '', '', 1, 1, 0, 0, ''),
(12, 'paycenter', 'system', '收银台', '1.0', '收银台', '收银台', 'WeEngine Team', 'http://www.we7.cc/', 0, '', '', 1, 1, 0, 0, ''),
(13, 'ewei_shopping', 'business', '微商城', '6.9.6', '微商城', '微商城', 'WeEngine Team & ewei', '', 2, 'a:0:{}', 'a:1:{i:0;s:4:"text";}', 0, 0, 0, 0, 'N;');

-- --------------------------------------------------------

--
-- 表的结构 `zyb_modules_bindings`
--

CREATE TABLE IF NOT EXISTS `zyb_modules_bindings` (
  `eid` int(11) NOT NULL AUTO_INCREMENT,
  `module` varchar(30) NOT NULL,
  `entry` varchar(10) NOT NULL,
  `call` varchar(50) NOT NULL,
  `title` varchar(50) NOT NULL,
  `do` varchar(30) NOT NULL,
  `state` varchar(200) NOT NULL,
  `direct` int(11) NOT NULL,
  `url` varchar(100) NOT NULL,
  `icon` varchar(50) NOT NULL,
  `displayorder` tinyint(255) unsigned NOT NULL,
  PRIMARY KEY (`eid`),
  KEY `idx_module` (`module`)
) ENGINE=MyISAM  DEFAULT CHARSET=utf8 AUTO_INCREMENT=11 ;

--
-- 转存表中的数据 `zyb_modules_bindings`
--

INSERT INTO `zyb_modules_bindings` (`eid`, `module`, `entry`, `call`, `title`, `do`, `state`, `direct`, `url`, `icon`, `displayorder`) VALUES
(1, 'ewei_shopping', 'cover', '', '商城入口设置', 'list', '', 0, '', '', 0),
(2, 'ewei_shopping', 'menu', '', '订单管理', 'order', '', 0, '', '', 0),
(3, 'ewei_shopping', 'menu', '', '商品管理', 'goods', '', 0, '', '', 0),
(4, 'ewei_shopping', 'menu', '', '商品分类', 'category', '', 0, '', '', 0),
(5, 'ewei_shopping', 'menu', '', '物流管理', 'express', '', 0, '', '', 0),
(6, 'ewei_shopping', 'menu', '', '配送方式', 'dispatch', '', 0, '', '', 0),
(7, 'ewei_shopping', 'menu', '', '幻灯片管理', 'adv', '', 0, '', '', 0),
(8, 'ewei_shopping', 'menu', '', '维权与告警', 'notice', '', 0, '', '', 0),
(9, 'ewei_shopping', 'home', '', '商城', 'list', '', 0, '', '', 0),
(10, 'ewei_shopping', 'profile', '', '我的订单', 'myorder', '', 0, '', '', 0);

-- --------------------------------------------------------

--
-- 表的结构 `zyb_modules_recycle`
--

CREATE TABLE IF NOT EXISTS `zyb_modules_recycle` (
  `id` int(10) NOT NULL AUTO_INCREMENT,
  `modulename` varchar(255) NOT NULL,
  PRIMARY KEY (`id`),
  KEY `modulename` (`modulename`)
) ENGINE=MyISAM DEFAULT CHARSET=utf8 AUTO_INCREMENT=1 ;

-- --------------------------------------------------------

--
-- 表的结构 `zyb_music_reply`
--

CREATE TABLE IF NOT EXISTS `zyb_music_reply` (
  `id` int(10) unsigned NOT NULL AUTO_INCREMENT,
  `rid` int(10) unsigned NOT NULL,
  `title` varchar(50) NOT NULL,
  `description` varchar(255) NOT NULL,
  `url` varchar(300) NOT NULL,
  `hqurl` varchar(300) NOT NULL,
  PRIMARY KEY (`id`),
  KEY `rid` (`rid`)
) ENGINE=MyISAM DEFAULT CHARSET=utf8 AUTO_INCREMENT=1 ;

-- --------------------------------------------------------

--
-- 表的结构 `zyb_news_reply`
--

CREATE TABLE IF NOT EXISTS `zyb_news_reply` (
  `id` int(10) unsigned NOT NULL AUTO_INCREMENT,
  `rid` int(10) unsigned NOT NULL,
  `parent_id` int(10) NOT NULL,
  `title` varchar(50) NOT NULL,
  `author` varchar(64) NOT NULL,
  `description` varchar(255) NOT NULL,
  `thumb` varchar(255) NOT NULL,
  `content` mediumtext NOT NULL,
  `url` varchar(255) NOT NULL,
  `displayorder` int(10) NOT NULL,
  `incontent` tinyint(1) NOT NULL,
  `createtime` int(10) NOT NULL,
  PRIMARY KEY (`id`),
  KEY `rid` (`rid`)
) ENGINE=MyISAM DEFAULT CHARSET=utf8 AUTO_INCREMENT=1 ;

-- --------------------------------------------------------

--
-- 表的结构 `zyb_paycenter_order`
--

CREATE TABLE IF NOT EXISTS `zyb_paycenter_order` (
  `id` int(10) unsigned NOT NULL AUTO_INCREMENT,
  `uniacid` int(10) unsigned NOT NULL,
  `uid` int(10) unsigned NOT NULL,
  `pid` int(10) unsigned NOT NULL,
  `clerk_id` int(10) unsigned NOT NULL,
  `store_id` int(10) unsigned NOT NULL,
  `clerk_type` tinyint(3) unsigned NOT NULL,
  `uniontid` varchar(40) NOT NULL,
  `transaction_id` varchar(40) NOT NULL,
  `type` varchar(10) NOT NULL,
  `trade_type` varchar(10) NOT NULL,
  `body` varchar(255) NOT NULL,
  `fee` varchar(15) NOT NULL,
  `final_fee` decimal(10,2) unsigned NOT NULL,
  `credit1` int(10) unsigned NOT NULL,
  `credit1_fee` decimal(10,2) unsigned NOT NULL,
  `credit2` decimal(10,2) unsigned NOT NULL,
  `cash` decimal(10,2) unsigned NOT NULL,
  `remark` varchar(255) NOT NULL,
  `auth_code` varchar(30) NOT NULL,
  `openid` varchar(50) NOT NULL,
  `nickname` varchar(50) NOT NULL,
  `follow` tinyint(3) unsigned NOT NULL,
  `status` tinyint(3) unsigned NOT NULL,
  `credit_status` tinyint(3) unsigned NOT NULL,
  `paytime` int(10) unsigned NOT NULL,
  `createtime` int(10) unsigned NOT NULL,
  PRIMARY KEY (`id`),
  KEY `uniacid` (`uniacid`)
) ENGINE=MyISAM DEFAULT CHARSET=utf8 AUTO_INCREMENT=1 ;

-- --------------------------------------------------------

--
-- 表的结构 `zyb_profile_fields`
--

CREATE TABLE IF NOT EXISTS `zyb_profile_fields` (
  `id` int(10) unsigned NOT NULL AUTO_INCREMENT,
  `field` varchar(255) NOT NULL,
  `available` tinyint(1) NOT NULL,
  `title` varchar(255) NOT NULL,
  `description` varchar(255) NOT NULL,
  `displayorder` smallint(6) NOT NULL,
  `required` tinyint(1) NOT NULL,
  `unchangeable` tinyint(1) NOT NULL,
  `showinregister` tinyint(1) NOT NULL,
  `field_length` int(10) NOT NULL,
  PRIMARY KEY (`id`)
) ENGINE=MyISAM  DEFAULT CHARSET=utf8 AUTO_INCREMENT=37 ;

--
-- 转存表中的数据 `zyb_profile_fields`
--

INSERT INTO `zyb_profile_fields` (`id`, `field`, `available`, `title`, `description`, `displayorder`, `required`, `unchangeable`, `showinregister`, `field_length`) VALUES
(1, 'realname', 1, '真实姓名', '', 0, 1, 1, 1, 0),
(2, 'nickname', 1, '昵称', '', 1, 1, 0, 1, 0),
(3, 'avatar', 1, '头像', '', 1, 0, 0, 0, 0),
(4, 'qq', 1, 'QQ号', '', 0, 0, 0, 1, 0),
(5, 'mobile', 1, '手机号码', '', 0, 0, 0, 0, 0),
(6, 'vip', 1, 'VIP级别', '', 0, 0, 0, 0, 0),
(7, 'gender', 1, '性别', '', 0, 0, 0, 0, 0),
(8, 'birthyear', 1, '出生生日', '', 0, 0, 0, 0, 0),
(9, 'constellation', 1, '星座', '', 0, 0, 0, 0, 0),
(10, 'zodiac', 1, '生肖', '', 0, 0, 0, 0, 0),
(11, 'telephone', 1, '固定电话', '', 0, 0, 0, 0, 0),
(12, 'idcard', 1, '证件号码', '', 0, 0, 0, 0, 0),
(13, 'studentid', 1, '学号', '', 0, 0, 0, 0, 0),
(14, 'grade', 1, '班级', '', 0, 0, 0, 0, 0),
(15, 'address', 1, '邮寄地址', '', 0, 0, 0, 0, 0),
(16, 'zipcode', 1, '邮编', '', 0, 0, 0, 0, 0),
(17, 'nationality', 1, '国籍', '', 0, 0, 0, 0, 0),
(18, 'resideprovince', 1, '居住地址', '', 0, 0, 0, 0, 0),
(19, 'graduateschool', 1, '毕业学校', '', 0, 0, 0, 0, 0),
(20, 'company', 1, '公司', '', 0, 0, 0, 0, 0),
(21, 'education', 1, '学历', '', 0, 0, 0, 0, 0),
(22, 'occupation', 1, '职业', '', 0, 0, 0, 0, 0),
(23, 'position', 1, '职位', '', 0, 0, 0, 0, 0),
(24, 'revenue', 1, '年收入', '', 0, 0, 0, 0, 0),
(25, 'affectivestatus', 1, '情感状态', '', 0, 0, 0, 0, 0),
(26, 'lookingfor', 1, ' 交友目的', '', 0, 0, 0, 0, 0),
(27, 'bloodtype', 1, '血型', '', 0, 0, 0, 0, 0),
(28, 'height', 1, '身高', '', 0, 0, 0, 0, 0),
(29, 'weight', 1, '体重', '', 0, 0, 0, 0, 0),
(30, 'alipay', 1, '支付宝帐号', '', 0, 0, 0, 0, 0),
(31, 'msn', 1, 'MSN', '', 0, 0, 0, 0, 0),
(32, 'email', 1, '电子邮箱', '', 0, 0, 0, 0, 0),
(33, 'taobao', 1, '阿里旺旺', '', 0, 0, 0, 0, 0),
(34, 'site', 1, '主页', '', 0, 0, 0, 0, 0),
(35, 'bio', 1, '自我介绍', '', 0, 0, 0, 0, 0),
(36, 'interest', 1, '兴趣爱好', '', 0, 0, 0, 0, 0);

-- --------------------------------------------------------

--
-- 表的结构 `zyb_qrcode`
--

CREATE TABLE IF NOT EXISTS `zyb_qrcode` (
  `id` int(10) unsigned NOT NULL AUTO_INCREMENT,
  `uniacid` int(10) unsigned NOT NULL,
  `acid` int(10) unsigned NOT NULL,
  `type` varchar(10) NOT NULL,
  `extra` int(10) unsigned NOT NULL,
  `qrcid` bigint(20) NOT NULL,
  `scene_str` varchar(64) NOT NULL,
  `name` varchar(50) NOT NULL,
  `keyword` varchar(100) NOT NULL,
  `model` tinyint(1) unsigned NOT NULL,
  `ticket` varchar(250) NOT NULL,
  `url` varchar(256) NOT NULL,
  `expire` int(10) unsigned NOT NULL,
  `subnum` int(10) unsigned NOT NULL,
  `createtime` int(10) unsigned NOT NULL,
  `status` tinyint(1) unsigned NOT NULL,
  PRIMARY KEY (`id`),
  KEY `idx_qrcid` (`qrcid`),
  KEY `uniacid` (`uniacid`),
  KEY `ticket` (`ticket`)
) ENGINE=MyISAM DEFAULT CHARSET=utf8 AUTO_INCREMENT=1 ;

-- --------------------------------------------------------

--
-- 表的结构 `zyb_qrcode_stat`
--

CREATE TABLE IF NOT EXISTS `zyb_qrcode_stat` (
  `id` int(10) unsigned NOT NULL AUTO_INCREMENT,
  `uniacid` int(10) unsigned NOT NULL,
  `acid` int(10) unsigned NOT NULL,
  `qid` int(10) unsigned NOT NULL,
  `openid` varchar(50) NOT NULL,
  `type` tinyint(1) unsigned NOT NULL,
  `qrcid` bigint(20) unsigned NOT NULL,
  `scene_str` varchar(64) NOT NULL,
  `name` varchar(50) NOT NULL,
  `createtime` int(10) unsigned NOT NULL,
  PRIMARY KEY (`id`)
) ENGINE=MyISAM DEFAULT CHARSET=utf8 AUTO_INCREMENT=1 ;

-- --------------------------------------------------------

--
-- 表的结构 `zyb_rule`
--

CREATE TABLE IF NOT EXISTS `zyb_rule` (
  `id` int(10) unsigned NOT NULL AUTO_INCREMENT,
  `uniacid` int(10) unsigned NOT NULL,
  `name` varchar(50) NOT NULL,
  `module` varchar(50) NOT NULL,
  `displayorder` int(10) unsigned NOT NULL,
  `status` tinyint(1) unsigned NOT NULL,
  PRIMARY KEY (`id`)
) ENGINE=MyISAM  DEFAULT CHARSET=utf8 AUTO_INCREMENT=10 ;

--
-- 转存表中的数据 `zyb_rule`
--

INSERT INTO `zyb_rule` (`id`, `uniacid`, `name`, `module`, `displayorder`, `status`) VALUES
(1, 0, '城市天气', 'userapi', 255, 1),
(2, 0, '百度百科', 'userapi', 255, 1),
(3, 0, '即时翻译', 'userapi', 255, 1),
(4, 0, '今日老黄历', 'userapi', 255, 1),
(5, 0, '看新闻', 'userapi', 255, 1),
(6, 0, '快递查询', 'userapi', 255, 1),
(7, 1, '个人中心入口设置', 'cover', 0, 1),
(8, 1, '微擎团队入口设置', 'cover', 0, 1),
(9, 1, '关注欢迎词', 'basic', 0, 1);

-- --------------------------------------------------------

--
-- 表的结构 `zyb_rule_keyword`
--

CREATE TABLE IF NOT EXISTS `zyb_rule_keyword` (
  `id` int(10) unsigned NOT NULL AUTO_INCREMENT,
  `rid` int(10) unsigned NOT NULL,
  `uniacid` int(10) unsigned NOT NULL,
  `module` varchar(50) NOT NULL,
  `content` varchar(255) NOT NULL,
  `type` tinyint(1) unsigned NOT NULL,
  `displayorder` tinyint(3) unsigned NOT NULL,
  `status` tinyint(1) unsigned NOT NULL,
  PRIMARY KEY (`id`),
  KEY `idx_content` (`content`),
  KEY `idx_rid` (`rid`),
  KEY `idx_uniacid_type_content` (`uniacid`,`type`,`content`)
) ENGINE=MyISAM  DEFAULT CHARSET=utf8 AUTO_INCREMENT=14 ;

--
-- 转存表中的数据 `zyb_rule_keyword`
--

INSERT INTO `zyb_rule_keyword` (`id`, `rid`, `uniacid`, `module`, `content`, `type`, `displayorder`, `status`) VALUES
(1, 1, 0, 'userapi', '^.+天气$', 3, 255, 1),
(2, 2, 0, 'userapi', '^百科.+$', 3, 255, 1),
(3, 2, 0, 'userapi', '^定义.+$', 3, 255, 1),
(4, 3, 0, 'userapi', '^@.+$', 3, 255, 1),
(5, 4, 0, 'userapi', '日历', 1, 255, 1),
(6, 4, 0, 'userapi', '万年历', 1, 255, 1),
(7, 4, 0, 'userapi', '黄历', 1, 255, 1),
(8, 4, 0, 'userapi', '几号', 1, 255, 1),
(9, 5, 0, 'userapi', '新闻', 1, 255, 1),
(10, 6, 0, 'userapi', '^(申通|圆通|中通|汇通|韵达|顺丰|EMS) *[a-z0-9]{1,}$', 3, 255, 1),
(11, 7, 1, 'cover', '个人中心', 1, 0, 1),
(12, 8, 1, 'cover', '首页', 1, 0, 1),
(13, 9, 1, 'basic', '关注', 1, 0, 1);

-- --------------------------------------------------------

--
-- 表的结构 `zyb_shopping_adv`
--

CREATE TABLE IF NOT EXISTS `zyb_shopping_adv` (
  `id` int(11) NOT NULL AUTO_INCREMENT,
  `weid` int(11) DEFAULT '0',
  `advname` varchar(50) DEFAULT '',
  `link` varchar(255) DEFAULT '',
  `thumb` varchar(255) DEFAULT '',
  `displayorder` int(11) DEFAULT '0',
  `enabled` int(11) DEFAULT '0',
  PRIMARY KEY (`id`),
  KEY `indx_weid` (`weid`),
  KEY `indx_enabled` (`enabled`),
  KEY `indx_displayorder` (`displayorder`)
) ENGINE=MyISAM DEFAULT CHARSET=utf8 AUTO_INCREMENT=1 ;

-- --------------------------------------------------------

--
-- 表的结构 `zyb_shopping_cart`
--

CREATE TABLE IF NOT EXISTS `zyb_shopping_cart` (
  `id` int(10) unsigned NOT NULL AUTO_INCREMENT,
  `weid` int(10) unsigned NOT NULL,
  `goodsid` int(11) NOT NULL,
  `goodstype` tinyint(1) NOT NULL DEFAULT '1',
  `from_user` varchar(50) NOT NULL,
  `total` int(10) unsigned NOT NULL,
  `optionid` int(10) DEFAULT '0',
  `marketprice` decimal(10,2) DEFAULT '0.00',
  PRIMARY KEY (`id`),
  KEY `idx_openid` (`from_user`)
) ENGINE=MyISAM DEFAULT CHARSET=utf8 AUTO_INCREMENT=1 ;

-- --------------------------------------------------------

--
-- 表的结构 `zyb_shopping_category`
--

CREATE TABLE IF NOT EXISTS `zyb_shopping_category` (
  `id` int(10) unsigned NOT NULL AUTO_INCREMENT,
  `weid` int(10) unsigned NOT NULL DEFAULT '0' COMMENT '所属帐号',
  `name` varchar(50) NOT NULL COMMENT '分类名称',
  `thumb` varchar(255) NOT NULL COMMENT '分类图片',
  `parentid` int(10) unsigned NOT NULL DEFAULT '0' COMMENT '上级分类ID,0为第一级',
  `isrecommand` int(10) DEFAULT '0',
  `description` varchar(500) NOT NULL COMMENT '分类介绍',
  `displayorder` tinyint(3) unsigned NOT NULL DEFAULT '0' COMMENT '排序',
  `enabled` tinyint(1) unsigned NOT NULL DEFAULT '1' COMMENT '是否开启',
  PRIMARY KEY (`id`)
) ENGINE=MyISAM DEFAULT CHARSET=utf8 AUTO_INCREMENT=1 ;

-- --------------------------------------------------------

--
-- 表的结构 `zyb_shopping_dispatch`
--

CREATE TABLE IF NOT EXISTS `zyb_shopping_dispatch` (
  `id` int(11) NOT NULL AUTO_INCREMENT,
  `weid` int(11) DEFAULT '0',
  `dispatchname` varchar(50) DEFAULT '',
  `dispatchtype` int(11) DEFAULT '0',
  `displayorder` int(11) DEFAULT '0',
  `firstprice` decimal(10,2) DEFAULT '0.00',
  `secondprice` decimal(10,2) DEFAULT '0.00',
  `firstweight` int(11) DEFAULT '0',
  `secondweight` int(11) DEFAULT '0',
  `express` int(11) DEFAULT '0',
  `enabled` int(11) NOT NULL DEFAULT '0',
  `description` text,
  PRIMARY KEY (`id`),
  KEY `indx_weid` (`weid`),
  KEY `indx_displayorder` (`displayorder`)
) ENGINE=MyISAM DEFAULT CHARSET=utf8 AUTO_INCREMENT=1 ;

-- --------------------------------------------------------

--
-- 表的结构 `zyb_shopping_express`
--

CREATE TABLE IF NOT EXISTS `zyb_shopping_express` (
  `id` int(11) NOT NULL AUTO_INCREMENT,
  `weid` int(11) DEFAULT '0',
  `express_name` varchar(50) DEFAULT '',
  `displayorder` int(11) DEFAULT '0',
  `express_price` varchar(10) DEFAULT '',
  `express_area` varchar(100) DEFAULT '',
  `express_url` varchar(255) DEFAULT '',
  PRIMARY KEY (`id`),
  KEY `indx_weid` (`weid`),
  KEY `indx_displayorder` (`displayorder`)
) ENGINE=MyISAM DEFAULT CHARSET=utf8 AUTO_INCREMENT=1 ;

-- --------------------------------------------------------

--
-- 表的结构 `zyb_shopping_feedback`
--

CREATE TABLE IF NOT EXISTS `zyb_shopping_feedback` (
  `id` int(10) unsigned NOT NULL AUTO_INCREMENT,
  `weid` int(10) unsigned NOT NULL,
  `openid` varchar(50) NOT NULL,
  `type` tinyint(1) unsigned NOT NULL DEFAULT '1' COMMENT '1为维权，2为告擎',
  `status` tinyint(1) NOT NULL DEFAULT '0' COMMENT '状态0未解决，1用户同意，2用户拒绝',
  `feedbackid` varchar(30) NOT NULL COMMENT '投诉单号',
  `transid` varchar(30) NOT NULL COMMENT '订单号',
  `reason` varchar(1000) NOT NULL COMMENT '理由',
  `solution` varchar(1000) NOT NULL COMMENT '期待解决方案',
  `remark` varchar(1000) NOT NULL COMMENT '备注',
  `createtime` int(10) unsigned NOT NULL,
  PRIMARY KEY (`id`),
  KEY `idx_weid` (`weid`),
  KEY `idx_feedbackid` (`feedbackid`),
  KEY `idx_createtime` (`createtime`),
  KEY `idx_transid` (`transid`)
) ENGINE=MyISAM DEFAULT CHARSET=utf8 AUTO_INCREMENT=1 ;

-- --------------------------------------------------------

--
-- 表的结构 `zyb_shopping_goods`
--

CREATE TABLE IF NOT EXISTS `zyb_shopping_goods` (
  `id` int(10) unsigned NOT NULL AUTO_INCREMENT,
  `weid` int(10) unsigned NOT NULL,
  `pcate` int(10) unsigned NOT NULL DEFAULT '0',
  `ccate` int(10) unsigned NOT NULL DEFAULT '0',
  `type` tinyint(1) unsigned NOT NULL DEFAULT '1' COMMENT '1为实体，2为虚拟',
  `status` tinyint(1) unsigned NOT NULL DEFAULT '1',
  `displayorder` int(10) unsigned NOT NULL DEFAULT '0',
  `title` varchar(100) NOT NULL DEFAULT '',
  `thumb` varchar(100) NOT NULL DEFAULT '',
  `unit` varchar(5) NOT NULL DEFAULT '',
  `description` varchar(1000) NOT NULL DEFAULT '',
  `content` text NOT NULL,
  `goodssn` varchar(50) NOT NULL DEFAULT '',
  `productsn` varchar(50) NOT NULL DEFAULT '',
  `marketprice` decimal(10,2) NOT NULL DEFAULT '0.00',
  `productprice` decimal(10,2) NOT NULL DEFAULT '0.00',
  `costprice` decimal(10,2) NOT NULL DEFAULT '0.00',
  `originalprice` decimal(10,2) NOT NULL DEFAULT '0.00' COMMENT '原价',
  `total` int(10) unsigned NOT NULL DEFAULT '0',
  `totalcnf` int(11) DEFAULT '0' COMMENT '0 拍下减库存 1 付款减库存 2 永久不减',
  `sales` int(10) unsigned NOT NULL DEFAULT '0',
  `spec` varchar(5000) NOT NULL,
  `createtime` int(10) unsigned NOT NULL,
  `weight` decimal(10,2) NOT NULL DEFAULT '0.00',
  `credit` decimal(10,2) NOT NULL DEFAULT '0.00',
  `maxbuy` int(11) DEFAULT '0',
  `usermaxbuy` int(10) unsigned NOT NULL DEFAULT '0' COMMENT '用户最多购买数量',
  `hasoption` int(11) DEFAULT '0',
  `dispatch` int(11) DEFAULT '0',
  `thumb_url` text,
  `isnew` int(11) DEFAULT '0',
  `ishot` int(11) DEFAULT '0',
  `isdiscount` int(11) DEFAULT '0',
  `isrecommand` int(11) DEFAULT '0',
  `istime` int(11) DEFAULT '0',
  `timestart` int(11) DEFAULT '0',
  `timeend` int(11) DEFAULT '0',
  `viewcount` int(11) DEFAULT '0',
  `deleted` tinyint(3) unsigned NOT NULL DEFAULT '0',
  PRIMARY KEY (`id`)
) ENGINE=MyISAM DEFAULT CHARSET=utf8 AUTO_INCREMENT=1 ;

-- --------------------------------------------------------

--
-- 表的结构 `zyb_shopping_goods_option`
--

CREATE TABLE IF NOT EXISTS `zyb_shopping_goods_option` (
  `id` int(11) NOT NULL AUTO_INCREMENT,
  `goodsid` int(10) DEFAULT '0',
  `title` varchar(50) DEFAULT '',
  `thumb` varchar(60) DEFAULT '',
  `productprice` decimal(10,2) DEFAULT '0.00',
  `marketprice` decimal(10,2) DEFAULT '0.00',
  `costprice` decimal(10,2) DEFAULT '0.00',
  `stock` int(11) DEFAULT '0',
  `weight` decimal(10,2) DEFAULT '0.00',
  `displayorder` int(11) DEFAULT '0',
  `specs` text,
  PRIMARY KEY (`id`),
  KEY `indx_goodsid` (`goodsid`),
  KEY `indx_displayorder` (`displayorder`)
) ENGINE=MyISAM DEFAULT CHARSET=utf8 AUTO_INCREMENT=1 ;

-- --------------------------------------------------------

--
-- 表的结构 `zyb_shopping_goods_param`
--

CREATE TABLE IF NOT EXISTS `zyb_shopping_goods_param` (
  `id` int(11) NOT NULL AUTO_INCREMENT,
  `goodsid` int(10) DEFAULT '0',
  `title` varchar(50) DEFAULT '',
  `value` text,
  `displayorder` int(11) DEFAULT '0',
  PRIMARY KEY (`id`),
  KEY `indx_goodsid` (`goodsid`),
  KEY `indx_displayorder` (`displayorder`)
) ENGINE=MyISAM DEFAULT CHARSET=utf8 AUTO_INCREMENT=1 ;

-- --------------------------------------------------------

--
-- 表的结构 `zyb_shopping_order`
--

CREATE TABLE IF NOT EXISTS `zyb_shopping_order` (
  `id` int(10) unsigned NOT NULL AUTO_INCREMENT,
  `weid` int(10) unsigned NOT NULL,
  `from_user` varchar(50) NOT NULL,
  `ordersn` varchar(20) NOT NULL,
  `price` varchar(10) NOT NULL,
  `status` tinyint(4) NOT NULL DEFAULT '0' COMMENT '-1取消状态，0普通状态，1为已付款，2为已发货，3为成功',
  `sendtype` tinyint(1) unsigned NOT NULL COMMENT '1为快递，2为自提',
  `paytype` tinyint(1) unsigned NOT NULL COMMENT '1为余额，2为在线，3为到付',
  `transid` varchar(30) NOT NULL DEFAULT '0' COMMENT '微信支付单号',
  `goodstype` tinyint(1) unsigned NOT NULL DEFAULT '1',
  `remark` varchar(1000) NOT NULL DEFAULT '',
  `address` varchar(1024) NOT NULL DEFAULT '' COMMENT '收货地址信息',
  `expresscom` varchar(30) NOT NULL DEFAULT '',
  `expresssn` varchar(50) NOT NULL DEFAULT '',
  `express` varchar(200) NOT NULL DEFAULT '',
  `goodsprice` decimal(10,2) DEFAULT '0.00',
  `dispatchprice` decimal(10,2) DEFAULT '0.00',
  `dispatch` int(10) DEFAULT '0',
  `paydetail` varchar(255) NOT NULL COMMENT '支付详情',
  `createtime` int(10) unsigned NOT NULL,
  PRIMARY KEY (`id`)
) ENGINE=MyISAM DEFAULT CHARSET=utf8 AUTO_INCREMENT=1 ;

-- --------------------------------------------------------

--
-- 表的结构 `zyb_shopping_order_goods`
--

CREATE TABLE IF NOT EXISTS `zyb_shopping_order_goods` (
  `id` int(10) unsigned NOT NULL AUTO_INCREMENT,
  `weid` int(10) unsigned NOT NULL,
  `orderid` int(10) unsigned NOT NULL,
  `goodsid` int(10) unsigned NOT NULL,
  `price` decimal(10,2) DEFAULT '0.00',
  `total` int(10) unsigned NOT NULL DEFAULT '1',
  `optionid` int(10) DEFAULT '0',
  `createtime` int(10) unsigned NOT NULL,
  `optionname` text,
  PRIMARY KEY (`id`)
) ENGINE=MyISAM DEFAULT CHARSET=utf8 AUTO_INCREMENT=1 ;

-- --------------------------------------------------------

--
-- 表的结构 `zyb_shopping_product`
--

CREATE TABLE IF NOT EXISTS `zyb_shopping_product` (
  `id` int(10) unsigned NOT NULL AUTO_INCREMENT,
  `goodsid` int(11) NOT NULL,
  `productsn` varchar(50) NOT NULL,
  `title` varchar(1000) NOT NULL,
  `marketprice` decimal(10,0) unsigned NOT NULL,
  `productprice` decimal(10,0) unsigned NOT NULL,
  `total` int(11) NOT NULL,
  `status` tinyint(3) unsigned NOT NULL DEFAULT '1',
  `spec` varchar(5000) NOT NULL,
  PRIMARY KEY (`id`),
  KEY `idx_goodsid` (`goodsid`)
) ENGINE=MyISAM DEFAULT CHARSET=utf8 AUTO_INCREMENT=1 ;

-- --------------------------------------------------------

--
-- 表的结构 `zyb_shopping_spec`
--

CREATE TABLE IF NOT EXISTS `zyb_shopping_spec` (
  `id` int(10) unsigned NOT NULL AUTO_INCREMENT,
  `weid` int(10) unsigned NOT NULL,
  `title` varchar(50) NOT NULL,
  `description` varchar(1000) NOT NULL,
  `displaytype` tinyint(3) unsigned NOT NULL,
  `content` text NOT NULL,
  `goodsid` int(11) DEFAULT '0',
  `displayorder` int(11) DEFAULT '0',
  PRIMARY KEY (`id`)
) ENGINE=MyISAM DEFAULT CHARSET=utf8 AUTO_INCREMENT=1 ;

-- --------------------------------------------------------

--
-- 表的结构 `zyb_shopping_spec_item`
--

CREATE TABLE IF NOT EXISTS `zyb_shopping_spec_item` (
  `id` int(11) NOT NULL AUTO_INCREMENT,
  `weid` int(11) DEFAULT '0',
  `specid` int(11) DEFAULT '0',
  `title` varchar(255) DEFAULT '',
  `thumb` varchar(255) DEFAULT '',
  `show` int(11) DEFAULT '0',
  `displayorder` int(11) DEFAULT '0',
  PRIMARY KEY (`id`),
  KEY `indx_weid` (`weid`),
  KEY `indx_specid` (`specid`),
  KEY `indx_show` (`show`),
  KEY `indx_displayorder` (`displayorder`)
) ENGINE=MyISAM DEFAULT CHARSET=utf8 AUTO_INCREMENT=1 ;

-- --------------------------------------------------------

--
-- 表的结构 `zyb_site_article`
--

CREATE TABLE IF NOT EXISTS `zyb_site_article` (
  `id` int(10) unsigned NOT NULL AUTO_INCREMENT,
  `uniacid` int(10) unsigned NOT NULL,
  `rid` int(10) unsigned NOT NULL,
  `kid` int(10) unsigned NOT NULL,
  `iscommend` tinyint(1) NOT NULL,
  `ishot` tinyint(1) unsigned NOT NULL,
  `pcate` int(10) unsigned NOT NULL,
  `ccate` int(10) unsigned NOT NULL,
  `template` varchar(300) NOT NULL,
  `title` varchar(100) NOT NULL,
  `description` varchar(100) NOT NULL,
  `content` mediumtext NOT NULL,
  `thumb` varchar(255) NOT NULL,
  `incontent` tinyint(1) NOT NULL,
  `source` varchar(255) NOT NULL,
  `author` varchar(50) NOT NULL,
  `displayorder` int(10) unsigned NOT NULL,
  `linkurl` varchar(500) NOT NULL,
  `createtime` int(10) unsigned NOT NULL,
  `click` int(10) unsigned NOT NULL,
  `type` varchar(10) NOT NULL,
  `credit` varchar(255) NOT NULL,
  PRIMARY KEY (`id`),
  KEY `idx_iscommend` (`iscommend`),
  KEY `idx_ishot` (`ishot`)
) ENGINE=MyISAM DEFAULT CHARSET=utf8 AUTO_INCREMENT=1 ;

-- --------------------------------------------------------

--
-- 表的结构 `zyb_site_category`
--

CREATE TABLE IF NOT EXISTS `zyb_site_category` (
  `id` int(10) unsigned NOT NULL AUTO_INCREMENT,
  `uniacid` int(10) unsigned NOT NULL,
  `nid` int(10) unsigned NOT NULL,
  `name` varchar(50) NOT NULL,
  `parentid` int(10) unsigned NOT NULL,
  `displayorder` tinyint(3) unsigned NOT NULL,
  `enabled` tinyint(1) unsigned NOT NULL,
  `icon` varchar(100) NOT NULL,
  `description` varchar(100) NOT NULL,
  `styleid` int(10) unsigned NOT NULL,
  `linkurl` varchar(500) NOT NULL,
  `ishomepage` tinyint(1) NOT NULL,
  `icontype` tinyint(1) unsigned NOT NULL,
  `css` varchar(500) NOT NULL,
  PRIMARY KEY (`id`)
) ENGINE=MyISAM DEFAULT CHARSET=utf8 AUTO_INCREMENT=1 ;

-- --------------------------------------------------------

--
-- 表的结构 `zyb_site_multi`
--

CREATE TABLE IF NOT EXISTS `zyb_site_multi` (
  `id` int(10) unsigned NOT NULL AUTO_INCREMENT,
  `uniacid` int(10) unsigned NOT NULL,
  `title` varchar(30) NOT NULL,
  `styleid` int(10) unsigned NOT NULL,
  `site_info` text NOT NULL,
  `status` tinyint(3) unsigned NOT NULL,
  `bindhost` varchar(255) NOT NULL,
  PRIMARY KEY (`id`),
  KEY `uniacid` (`uniacid`),
  KEY `bindhost` (`bindhost`)
) ENGINE=MyISAM  DEFAULT CHARSET=utf8 AUTO_INCREMENT=2 ;

--
-- 转存表中的数据 `zyb_site_multi`
--

INSERT INTO `zyb_site_multi` (`id`, `uniacid`, `title`, `styleid`, `site_info`, `status`, `bindhost`) VALUES
(1, 1, '微擎团队', 1, '', 1, '');

-- --------------------------------------------------------

--
-- 表的结构 `zyb_site_nav`
--

CREATE TABLE IF NOT EXISTS `zyb_site_nav` (
  `id` int(10) unsigned NOT NULL AUTO_INCREMENT,
  `uniacid` int(10) unsigned NOT NULL,
  `multiid` int(10) unsigned NOT NULL,
  `section` tinyint(4) NOT NULL,
  `module` varchar(50) NOT NULL,
  `displayorder` smallint(5) unsigned NOT NULL,
  `name` varchar(50) NOT NULL,
  `description` varchar(1000) NOT NULL,
  `position` tinyint(4) NOT NULL,
  `url` varchar(255) NOT NULL,
  `icon` varchar(500) NOT NULL,
  `css` varchar(1000) NOT NULL,
  `status` tinyint(1) unsigned NOT NULL,
  `categoryid` int(10) unsigned NOT NULL,
  PRIMARY KEY (`id`),
  KEY `uniacid` (`uniacid`),
  KEY `multiid` (`multiid`)
) ENGINE=MyISAM DEFAULT CHARSET=utf8 AUTO_INCREMENT=1 ;

-- --------------------------------------------------------

--
-- 表的结构 `zyb_site_page`
--

CREATE TABLE IF NOT EXISTS `zyb_site_page` (
  `id` int(10) unsigned NOT NULL AUTO_INCREMENT,
  `uniacid` int(10) unsigned NOT NULL,
  `multiid` int(10) unsigned NOT NULL,
  `title` varchar(50) NOT NULL,
  `description` varchar(255) NOT NULL,
  `params` longtext NOT NULL,
  `html` longtext NOT NULL,
  `type` tinyint(1) unsigned NOT NULL,
  `status` tinyint(1) unsigned NOT NULL,
  `createtime` int(10) unsigned NOT NULL,
  `goodnum` int(10) unsigned NOT NULL,
  `multipage` longtext NOT NULL,
  PRIMARY KEY (`id`),
  KEY `uniacid` (`uniacid`),
  KEY `multiid` (`multiid`)
) ENGINE=MyISAM  DEFAULT CHARSET=utf8 AUTO_INCREMENT=2 ;

--
-- 转存表中的数据 `zyb_site_page`
--

INSERT INTO `zyb_site_page` (`id`, `uniacid`, `multiid`, `title`, `description`, `params`, `html`, `type`, `status`, `createtime`, `goodnum`, `multipage`) VALUES
(1, 1, 0, '快捷菜单', '', '{"navStyle":"2","bgColor":"#f4f4f4","menus":[{"title":"\\u4f1a\\u5458\\u5361","url":".\\/index.php?c=mc&a=bond&do=card&i=1","submenus":[],"icon":{"name":"fa fa-credit-card","color":"#969696"},"image":"","hoverimage":"","hovericon":[]},{"title":"\\u5151\\u6362","url":".\\/index.php?c=activity&a=coupon&do=display&&i=1","submenus":[],"icon":{"name":"fa fa-money","color":"#969696"},"image":"","hoverimage":"","hovericon":[]},{"title":"\\u4ed8\\u6b3e","url":"\\" data-target=\\"#scan\\" data-toggle=\\"modal\\" href=\\"javascript:void();","submenus":[],"icon":{"name":"fa fa-qrcode","color":"#969696"},"image":"","hoverimage":"","hovericon":""},{"title":"\\u4e2a\\u4eba\\u4e2d\\u5fc3","url":".\\/index.php?i=1&c=mc&","submenus":[],"icon":{"name":"fa fa-user","color":"#969696"},"image":"","hoverimage":"","hovericon":[]}],"extend":[],"position":{"homepage":true,"usercenter":true,"page":true,"article":true},"ignoreModules":[]}', '<div style="background-color: rgb(244, 244, 244);" class="js-quickmenu nav-menu-app has-nav-0  has-nav-4"   ><ul class="nav-group clearfix"><li class="nav-group-item " ><a href="./index.php?c=mc&a=bond&do=card&i=1" style="background-position: center 2px;" ><i style="color: rgb(150, 150, 150);"  class="fa fa-credit-card"  js-onclass-name="" js-onclass-color="" ></i><span style="color: rgb(150, 150, 150);" class=""  js-onclass-color="">会员卡</span></a></li><li class="nav-group-item " ><a href="./index.php?c=activity&a=coupon&do=display&&i=1" style="background-position: center 2px;" ><i style="color: rgb(150, 150, 150);"  class="fa fa-money"  js-onclass-name="" js-onclass-color="" ></i><span style="color: rgb(150, 150, 150);" class=""  js-onclass-color="">兑换</span></a></li><li class="nav-group-item " ><a href="" data-target="#scan" data-toggle="modal" href="javascript:void();" style="background-position: center 2px;" ><i style="color: rgb(150, 150, 150);"  class="fa fa-qrcode"  js-onclass-name="" js-onclass-color="" ></i><span style="color: rgb(150, 150, 150);" class=""  js-onclass-color="">付款</span></a></li><li class="nav-group-item " ><a href="./index.php?i=1&c=mc&" style="background-position: center 2px;" ><i style="color: rgb(150, 150, 150);"  class="fa fa-user"  js-onclass-name="" js-onclass-color="" ></i><span style="color: rgb(150, 150, 150);" class=""  js-onclass-color="">个人中心</span></a></li></ul></div>', 4, 1, 1440242655, 0, '');

-- --------------------------------------------------------

--
-- 表的结构 `zyb_site_slide`
--

CREATE TABLE IF NOT EXISTS `zyb_site_slide` (
  `id` int(10) unsigned NOT NULL AUTO_INCREMENT,
  `uniacid` int(10) unsigned NOT NULL,
  `multiid` int(10) unsigned NOT NULL,
  `title` varchar(255) NOT NULL,
  `url` varchar(255) NOT NULL,
  `thumb` varchar(255) NOT NULL,
  `displayorder` tinyint(4) NOT NULL,
  PRIMARY KEY (`id`),
  KEY `uniacid` (`uniacid`),
  KEY `multiid` (`multiid`)
) ENGINE=MyISAM DEFAULT CHARSET=utf8 AUTO_INCREMENT=1 ;

-- --------------------------------------------------------

--
-- 表的结构 `zyb_site_styles`
--

CREATE TABLE IF NOT EXISTS `zyb_site_styles` (
  `id` int(10) unsigned NOT NULL AUTO_INCREMENT,
  `uniacid` int(10) unsigned NOT NULL,
  `templateid` int(10) unsigned NOT NULL,
  `name` varchar(50) NOT NULL,
  PRIMARY KEY (`id`)
) ENGINE=MyISAM  DEFAULT CHARSET=utf8 AUTO_INCREMENT=2 ;

--
-- 转存表中的数据 `zyb_site_styles`
--

INSERT INTO `zyb_site_styles` (`id`, `uniacid`, `templateid`, `name`) VALUES
(1, 1, 1, '微站默认模板_gC5C');

-- --------------------------------------------------------

--
-- 表的结构 `zyb_site_styles_vars`
--

CREATE TABLE IF NOT EXISTS `zyb_site_styles_vars` (
  `id` int(10) unsigned NOT NULL AUTO_INCREMENT,
  `uniacid` int(10) unsigned NOT NULL,
  `templateid` int(10) unsigned NOT NULL,
  `styleid` int(10) unsigned NOT NULL,
  `variable` varchar(50) NOT NULL,
  `content` text NOT NULL,
  `description` varchar(50) NOT NULL,
  PRIMARY KEY (`id`)
) ENGINE=MyISAM DEFAULT CHARSET=utf8 AUTO_INCREMENT=1 ;

-- --------------------------------------------------------

--
-- 表的结构 `zyb_site_templates`
--

CREATE TABLE IF NOT EXISTS `zyb_site_templates` (
  `id` int(10) unsigned NOT NULL AUTO_INCREMENT,
  `name` varchar(30) NOT NULL,
  `title` varchar(30) NOT NULL,
  `version` varchar(64) NOT NULL,
  `description` varchar(500) NOT NULL,
  `author` varchar(50) NOT NULL,
  `url` varchar(255) NOT NULL,
  `type` varchar(20) NOT NULL,
  `sections` int(10) unsigned NOT NULL,
  PRIMARY KEY (`id`)
) ENGINE=MyISAM  DEFAULT CHARSET=utf8 AUTO_INCREMENT=2 ;

--
-- 转存表中的数据 `zyb_site_templates`
--

INSERT INTO `zyb_site_templates` (`id`, `name`, `title`, `version`, `description`, `author`, `url`, `type`, `sections`) VALUES
(1, 'default', '微站默认模板', '', '由微擎提供默认微站模板套系', '微擎团队', 'http://we7.cc', '1', 0);

-- --------------------------------------------------------

--
-- 表的结构 `zyb_stat_fans`
--

CREATE TABLE IF NOT EXISTS `zyb_stat_fans` (
  `id` int(10) unsigned NOT NULL AUTO_INCREMENT,
  `uniacid` int(10) unsigned NOT NULL,
  `new` int(10) unsigned NOT NULL,
  `cancel` int(10) unsigned NOT NULL,
  `cumulate` int(10) NOT NULL,
  `date` varchar(8) NOT NULL,
  PRIMARY KEY (`id`),
  KEY `uniacid` (`uniacid`,`date`)
) ENGINE=MyISAM  DEFAULT CHARSET=utf8 AUTO_INCREMENT=46 ;

--
-- 转存表中的数据 `zyb_stat_fans`
--

INSERT INTO `zyb_stat_fans` (`id`, `uniacid`, `new`, `cancel`, `cumulate`, `date`) VALUES
(1, 1, 0, 0, 0, '20160908'),
(2, 1, 0, 0, 0, '20160907'),
(3, 1, 0, 0, 0, '20160906'),
(4, 1, 0, 0, 0, '20160905'),
(5, 1, 0, 0, 0, '20160904'),
(6, 1, 0, 0, 0, '20160903'),
(7, 1, 0, 0, 0, '20160902'),
(8, 1, 0, 0, 0, '20160909'),
(9, 1, 0, 0, 0, '20160911'),
(10, 1, 0, 0, 0, '20160910'),
(11, 1, 2, 2, 1, '20160912'),
(12, 1, 0, 0, 1, '20160913'),
(13, 1, 0, 0, 1, '20160917'),
(14, 1, 0, 0, 1, '20160916'),
(15, 1, 0, 0, 1, '20160915'),
(16, 1, 0, 0, 1, '20160914'),
(17, 1, 0, 0, 1, '20160920'),
(18, 1, 0, 0, 1, '20160919'),
(19, 1, 0, 0, 1, '20160918'),
(20, 1, 0, 0, 1, '20160927'),
(21, 1, 0, 0, 1, '20160926'),
(22, 1, 0, 0, 1, '20160925'),
(23, 1, 0, 0, 1, '20160924'),
(24, 1, 0, 0, 1, '20160923'),
(25, 1, 0, 0, 1, '20160922'),
(26, 1, 0, 0, 1, '20160921'),
(27, 1, 0, 0, 1, '20160929'),
(28, 1, 0, 0, 1, '20160928'),
(29, 1, 0, 0, 1, '20161013'),
(30, 1, 0, 0, 1, '20161012'),
(31, 1, 0, 0, 1, '20161011'),
(32, 1, 0, 0, 1, '20161010'),
(33, 1, 0, 0, 1, '20161009'),
(34, 1, 0, 0, 1, '20161008'),
(35, 1, 0, 0, 1, '20161007'),
(36, 1, 0, 0, 1, '20161019'),
(37, 1, 0, 0, 1, '20161018'),
(38, 1, 0, 0, 1, '20161017'),
(39, 1, 0, 0, 1, '20161016'),
(40, 1, 0, 0, 1, '20161015'),
(41, 1, 0, 0, 1, '20161014'),
(42, 1, 0, 0, 1, '20161023'),
(43, 1, 0, 0, 1, '20161022'),
(44, 1, 0, 0, 1, '20161021'),
(45, 1, 0, 0, 1, '20161020');

-- --------------------------------------------------------

--
-- 表的结构 `zyb_stat_keyword`
--

CREATE TABLE IF NOT EXISTS `zyb_stat_keyword` (
  `id` int(10) unsigned NOT NULL AUTO_INCREMENT,
  `uniacid` int(10) unsigned NOT NULL,
  `rid` varchar(10) NOT NULL,
  `kid` int(10) unsigned NOT NULL,
  `hit` int(10) unsigned NOT NULL,
  `lastupdate` int(10) unsigned NOT NULL,
  `createtime` int(10) unsigned NOT NULL,
  PRIMARY KEY (`id`),
  KEY `idx_createtime` (`createtime`)
) ENGINE=MyISAM  DEFAULT CHARSET=utf8 AUTO_INCREMENT=2 ;

--
-- 转存表中的数据 `zyb_stat_keyword`
--

INSERT INTO `zyb_stat_keyword` (`id`, `uniacid`, `rid`, `kid`, `hit`, `lastupdate`, `createtime`) VALUES
(1, 1, '9', 13, 1, 1473668247, 1473609600);

-- --------------------------------------------------------

--
-- 表的结构 `zyb_stat_msg_history`
--

CREATE TABLE IF NOT EXISTS `zyb_stat_msg_history` (
  `id` int(10) unsigned NOT NULL AUTO_INCREMENT,
  `uniacid` int(10) unsigned NOT NULL,
  `rid` int(10) unsigned NOT NULL,
  `kid` int(10) unsigned NOT NULL,
  `from_user` varchar(50) NOT NULL,
  `module` varchar(50) NOT NULL,
  `message` varchar(1000) NOT NULL,
  `type` varchar(10) NOT NULL,
  `createtime` int(10) unsigned NOT NULL,
  PRIMARY KEY (`id`),
  KEY `idx_createtime` (`createtime`)
) ENGINE=MyISAM  DEFAULT CHARSET=utf8 AUTO_INCREMENT=6 ;

--
-- 转存表中的数据 `zyb_stat_msg_history`
--

INSERT INTO `zyb_stat_msg_history` (`id`, `uniacid`, `rid`, `kid`, `from_user`, `module`, `message`, `type`, `createtime`) VALUES
(1, 1, 0, 0, 'oxmO9vmKXFSY30njvJsF4NXj2w9o', '', '', 'unsubscrib', 1473668039),
(2, 1, 0, 0, 'oxmO9vmKXFSY30njvJsF4NXj2w9o', '', 'a:2:{s:5:"scene";N;s:6:"ticket";N;}', 'subscribe', 1473668062),
(3, 1, 0, 0, 'oxmO9vmKXFSY30njvJsF4NXj2w9o', '', '', 'unsubscrib', 1473668210),
(4, 1, 9, 13, 'oxmO9vmKXFSY30njvJsF4NXj2w9o', 'basic', 'a:2:{s:5:"scene";N;s:6:"ticket";N;}', 'subscribe', 1473668247),
(5, 1, 0, 0, 'oxmO9vgQ7a-_7pJylOe_3eUB0Lfc', '', '', 'event', 1475029049);

-- --------------------------------------------------------

--
-- 表的结构 `zyb_stat_rule`
--

CREATE TABLE IF NOT EXISTS `zyb_stat_rule` (
  `id` int(10) unsigned NOT NULL AUTO_INCREMENT,
  `uniacid` int(10) unsigned NOT NULL,
  `rid` int(10) unsigned NOT NULL,
  `hit` int(10) unsigned NOT NULL,
  `lastupdate` int(10) unsigned NOT NULL,
  `createtime` int(10) unsigned NOT NULL,
  PRIMARY KEY (`id`),
  KEY `idx_createtime` (`createtime`),
  KEY `rid` (`rid`)
) ENGINE=MyISAM  DEFAULT CHARSET=utf8 AUTO_INCREMENT=4 ;

--
-- 转存表中的数据 `zyb_stat_rule`
--

INSERT INTO `zyb_stat_rule` (`id`, `uniacid`, `rid`, `hit`, `lastupdate`, `createtime`) VALUES
(1, 1, 0, 1, 1473668062, 1473609600),
(2, 1, 9, 1, 1473668247, 1473609600),
(3, 1, 0, 1, 1475029049, 1474992000);

-- --------------------------------------------------------

--
-- 表的结构 `zyb_uni_account`
--

CREATE TABLE IF NOT EXISTS `zyb_uni_account` (
  `uniacid` int(10) unsigned NOT NULL AUTO_INCREMENT,
  `groupid` int(10) NOT NULL,
  `name` varchar(100) NOT NULL,
  `description` varchar(255) NOT NULL,
  `default_acid` int(10) unsigned NOT NULL,
  `rank` tinyint(1) DEFAULT NULL,
  PRIMARY KEY (`uniacid`)
) ENGINE=MyISAM  DEFAULT CHARSET=utf8 AUTO_INCREMENT=2 ;

--
-- 转存表中的数据 `zyb_uni_account`
--

INSERT INTO `zyb_uni_account` (`uniacid`, `groupid`, `name`, `description`, `default_acid`, `rank`) VALUES
(1, 0, '双木林', '发表有趣的活动。', 1, NULL);

-- --------------------------------------------------------

--
-- 表的结构 `zyb_uni_account_group`
--

CREATE TABLE IF NOT EXISTS `zyb_uni_account_group` (
  `id` int(10) unsigned NOT NULL AUTO_INCREMENT,
  `uniacid` int(10) unsigned NOT NULL,
  `groupid` int(10) NOT NULL,
  PRIMARY KEY (`id`)
) ENGINE=MyISAM DEFAULT CHARSET=utf8 AUTO_INCREMENT=1 ;

-- --------------------------------------------------------

--
-- 表的结构 `zyb_uni_account_menus`
--

CREATE TABLE IF NOT EXISTS `zyb_uni_account_menus` (
  `id` int(10) unsigned NOT NULL AUTO_INCREMENT,
  `uniacid` int(10) unsigned NOT NULL,
  `menuid` int(10) unsigned NOT NULL,
  `type` tinyint(3) unsigned NOT NULL,
  `title` varchar(30) NOT NULL,
  `sex` tinyint(3) unsigned NOT NULL,
  `group_id` int(10) NOT NULL,
  `client_platform_type` tinyint(3) unsigned NOT NULL,
  `area` varchar(50) NOT NULL,
  `data` text NOT NULL,
  `status` tinyint(3) unsigned NOT NULL,
  `createtime` int(10) unsigned NOT NULL,
  `isdeleted` tinyint(3) unsigned NOT NULL,
  PRIMARY KEY (`id`),
  KEY `uniacid` (`uniacid`),
  KEY `menuid` (`menuid`)
) ENGINE=MyISAM DEFAULT CHARSET=utf8 AUTO_INCREMENT=1 ;

-- --------------------------------------------------------

--
-- 表的结构 `zyb_uni_account_modules`
--

CREATE TABLE IF NOT EXISTS `zyb_uni_account_modules` (
  `id` int(10) unsigned NOT NULL AUTO_INCREMENT,
  `uniacid` int(10) unsigned NOT NULL,
  `module` varchar(50) NOT NULL,
  `enabled` tinyint(1) unsigned NOT NULL,
  `settings` text NOT NULL,
  PRIMARY KEY (`id`),
  KEY `idx_module` (`module`),
  KEY `idx_uniacid` (`uniacid`)
) ENGINE=MyISAM  DEFAULT CHARSET=utf8 AUTO_INCREMENT=7 ;

--
-- 转存表中的数据 `zyb_uni_account_modules`
--

INSERT INTO `zyb_uni_account_modules` (`id`, `uniacid`, `module`, `enabled`, `settings`) VALUES
(1, 1, 'basic', 1, ''),
(2, 1, 'news', 1, ''),
(3, 1, 'music', 1, ''),
(4, 1, 'userapi', 1, ''),
(5, 1, 'recharge', 1, ''),
(6, 1, 'ewei_shopping', 1, '');

-- --------------------------------------------------------

--
-- 表的结构 `zyb_uni_account_users`
--

CREATE TABLE IF NOT EXISTS `zyb_uni_account_users` (
  `id` int(10) unsigned NOT NULL AUTO_INCREMENT,
  `uniacid` int(10) unsigned NOT NULL,
  `uid` int(10) unsigned NOT NULL,
  `role` varchar(255) NOT NULL,
  `rank` tinyint(3) unsigned NOT NULL,
  PRIMARY KEY (`id`),
  KEY `idx_memberid` (`uid`),
  KEY `uniacid` (`uniacid`)
) ENGINE=MyISAM DEFAULT CHARSET=utf8 AUTO_INCREMENT=1 ;

-- --------------------------------------------------------

--
-- 表的结构 `zyb_uni_group`
--

CREATE TABLE IF NOT EXISTS `zyb_uni_group` (
  `id` int(10) unsigned NOT NULL AUTO_INCREMENT,
  `name` varchar(50) NOT NULL,
  `modules` varchar(15000) NOT NULL,
  `templates` varchar(5000) NOT NULL,
  `uniacid` int(10) unsigned NOT NULL,
  PRIMARY KEY (`id`),
  KEY `uniacid` (`uniacid`)
) ENGINE=MyISAM  DEFAULT CHARSET=utf8 AUTO_INCREMENT=2 ;

--
-- 转存表中的数据 `zyb_uni_group`
--

INSERT INTO `zyb_uni_group` (`id`, `name`, `modules`, `templates`, `uniacid`) VALUES
(1, '体验套餐服务', 'a:1:{i:0;s:13:"ewei_shopping";}', 'N;', 0);

-- --------------------------------------------------------

--
-- 表的结构 `zyb_uni_settings`
--

CREATE TABLE IF NOT EXISTS `zyb_uni_settings` (
  `uniacid` int(10) unsigned NOT NULL,
  `passport` varchar(200) NOT NULL,
  `oauth` varchar(100) NOT NULL,
  `jsauth_acid` int(10) unsigned NOT NULL,
  `uc` varchar(500) NOT NULL,
  `notify` varchar(2000) NOT NULL,
  `creditnames` varchar(500) NOT NULL,
  `creditbehaviors` varchar(500) NOT NULL,
  `welcome` varchar(60) NOT NULL,
  `default` varchar(60) NOT NULL,
  `default_message` varchar(2000) NOT NULL,
  `shortcuts` text NOT NULL,
  `payment` varchar(2000) NOT NULL,
  `stat` varchar(300) NOT NULL,
  `default_site` int(10) unsigned DEFAULT NULL,
  `sync` tinyint(3) unsigned NOT NULL,
  `recharge` varchar(500) NOT NULL,
  `tplnotice` varchar(1000) NOT NULL,
  `grouplevel` tinyint(3) unsigned NOT NULL,
  `mcplugin` varchar(500) NOT NULL,
  `exchange_enable` tinyint(3) unsigned NOT NULL,
  `coupon_type` tinyint(3) unsigned NOT NULL,
  `menuset` text NOT NULL,
  PRIMARY KEY (`uniacid`)
) ENGINE=MyISAM DEFAULT CHARSET=utf8;

--
-- 转存表中的数据 `zyb_uni_settings`
--

INSERT INTO `zyb_uni_settings` (`uniacid`, `passport`, `oauth`, `jsauth_acid`, `uc`, `notify`, `creditnames`, `creditbehaviors`, `welcome`, `default`, `default_message`, `shortcuts`, `payment`, `stat`, `default_site`, `sync`, `recharge`, `tplnotice`, `grouplevel`, `mcplugin`, `exchange_enable`, `coupon_type`, `menuset`) VALUES
(1, 'a:3:{s:8:"focusreg";i:0;s:4:"item";s:5:"email";s:4:"type";s:8:"password";}', 'a:2:{s:6:"status";s:1:"0";s:7:"account";s:1:"0";}', 0, 'a:1:{s:6:"status";i:0;}', 'a:1:{s:3:"sms";a:2:{s:7:"balance";i:0;s:9:"signature";s:0:"";}}', 'a:5:{s:7:"credit1";a:2:{s:5:"title";s:6:"积分";s:7:"enabled";i:1;}s:7:"credit2";a:2:{s:5:"title";s:6:"余额";s:7:"enabled";i:1;}s:7:"credit3";a:2:{s:5:"title";s:0:"";s:7:"enabled";i:0;}s:7:"credit4";a:2:{s:5:"title";s:0:"";s:7:"enabled";i:0;}s:7:"credit5";a:2:{s:5:"title";s:0:"";s:7:"enabled";i:0;}}', 'a:2:{s:8:"activity";s:7:"credit1";s:8:"currency";s:7:"credit2";}', '关注', '', '', '', 'a:4:{s:6:"credit";a:1:{s:6:"switch";b:0;}s:6:"alipay";a:4:{s:6:"switch";b:0;s:7:"account";s:0:"";s:7:"partner";s:0:"";s:6:"secret";s:0:"";}s:6:"wechat";a:5:{s:6:"switch";b:0;s:7:"account";b:0;s:7:"signkey";s:0:"";s:7:"partner";s:0:"";s:3:"key";s:0:"";}s:8:"delivery";a:1:{s:6:"switch";b:0;}}', '', 1, 1, '', '', 0, '', 0, 0, '');

-- --------------------------------------------------------

--
-- 表的结构 `zyb_uni_verifycode`
--

CREATE TABLE IF NOT EXISTS `zyb_uni_verifycode` (
  `id` int(10) unsigned NOT NULL AUTO_INCREMENT,
  `uniacid` int(10) unsigned NOT NULL,
  `receiver` varchar(50) NOT NULL,
  `verifycode` varchar(6) NOT NULL,
  `total` tinyint(3) unsigned NOT NULL,
  `createtime` int(10) unsigned NOT NULL,
  PRIMARY KEY (`id`)
) ENGINE=MyISAM DEFAULT CHARSET=utf8 AUTO_INCREMENT=1 ;

-- --------------------------------------------------------

--
-- 表的结构 `zyb_userapi_cache`
--

CREATE TABLE IF NOT EXISTS `zyb_userapi_cache` (
  `id` int(10) unsigned NOT NULL AUTO_INCREMENT,
  `key` varchar(32) NOT NULL,
  `content` text NOT NULL,
  `lastupdate` int(10) unsigned NOT NULL,
  PRIMARY KEY (`id`)
) ENGINE=MyISAM DEFAULT CHARSET=utf8 AUTO_INCREMENT=1 ;

-- --------------------------------------------------------

--
-- 表的结构 `zyb_userapi_reply`
--

CREATE TABLE IF NOT EXISTS `zyb_userapi_reply` (
  `id` int(10) unsigned NOT NULL AUTO_INCREMENT,
  `rid` int(10) unsigned NOT NULL,
  `description` varchar(300) NOT NULL,
  `apiurl` varchar(300) NOT NULL,
  `token` varchar(32) NOT NULL,
  `default_text` varchar(100) NOT NULL,
  `cachetime` int(10) unsigned NOT NULL,
  PRIMARY KEY (`id`),
  KEY `rid` (`rid`)
) ENGINE=MyISAM  DEFAULT CHARSET=utf8 AUTO_INCREMENT=7 ;

--
-- 转存表中的数据 `zyb_userapi_reply`
--

INSERT INTO `zyb_userapi_reply` (`id`, `rid`, `description`, `apiurl`, `token`, `default_text`, `cachetime`) VALUES
(1, 1, '"城市名+天气", 如: "北京天气"', 'weather.php', '', '', 0),
(2, 2, '"百科+查询内容" 或 "定义+查询内容", 如: "百科姚明", "定义自行车"', 'baike.php', '', '', 0),
(3, 3, '"@查询内容(中文或英文)"', 'translate.php', '', '', 0),
(4, 4, '"日历", "万年历", "黄历"或"几号"', 'calendar.php', '', '', 0),
(5, 5, '"新闻"', 'news.php', '', '', 0),
(6, 6, '"快递+单号", 如: "申通1200041125"', 'express.php', '', '', 0);

-- --------------------------------------------------------

--
-- 表的结构 `zyb_users`
--

CREATE TABLE IF NOT EXISTS `zyb_users` (
  `uid` int(10) unsigned NOT NULL AUTO_INCREMENT,
  `groupid` int(10) unsigned NOT NULL,
  `username` varchar(30) NOT NULL,
  `password` varchar(200) NOT NULL,
  `salt` varchar(10) NOT NULL,
  `type` tinyint(3) unsigned NOT NULL,
  `status` tinyint(4) NOT NULL,
  `joindate` int(10) unsigned NOT NULL,
  `joinip` varchar(15) NOT NULL,
  `lastvisit` int(10) unsigned NOT NULL,
  `lastip` varchar(15) NOT NULL,
  `remark` varchar(500) NOT NULL,
  `starttime` int(10) unsigned NOT NULL,
  `endtime` int(10) unsigned NOT NULL,
  PRIMARY KEY (`uid`),
  UNIQUE KEY `username` (`username`)
) ENGINE=MyISAM  DEFAULT CHARSET=utf8 AUTO_INCREMENT=2 ;

--
-- 转存表中的数据 `zyb_users`
--

INSERT INTO `zyb_users` (`uid`, `groupid`, `username`, `password`, `salt`, `type`, `status`, `joindate`, `joinip`, `lastvisit`, `lastip`, `remark`, `starttime`, `endtime`) VALUES
(1, 0, 'admin', 'ce1977ec205731768afa5d278f8937e224a8d4c8', 'a731c832', 0, 0, 1473401252, '', 1478740740, '223.73.6.60', '', 0, 0);

-- --------------------------------------------------------

--
-- 表的结构 `zyb_users_failed_login`
--

CREATE TABLE IF NOT EXISTS `zyb_users_failed_login` (
  `id` int(10) unsigned NOT NULL AUTO_INCREMENT,
  `ip` varchar(15) NOT NULL,
  `username` varchar(32) NOT NULL,
  `count` tinyint(1) unsigned NOT NULL,
  `lastupdate` int(10) unsigned NOT NULL,
  PRIMARY KEY (`id`),
  KEY `ip_username` (`ip`,`username`)
) ENGINE=MyISAM DEFAULT CHARSET=utf8 AUTO_INCREMENT=1 ;

-- --------------------------------------------------------

--
-- 表的结构 `zyb_users_group`
--

CREATE TABLE IF NOT EXISTS `zyb_users_group` (
  `id` int(10) unsigned NOT NULL AUTO_INCREMENT,
  `name` varchar(50) NOT NULL,
  `package` varchar(5000) NOT NULL,
  `maxaccount` int(10) unsigned NOT NULL,
  `maxsubaccount` int(10) unsigned NOT NULL,
  `timelimit` int(10) unsigned NOT NULL,
  PRIMARY KEY (`id`)
) ENGINE=MyISAM  DEFAULT CHARSET=utf8 AUTO_INCREMENT=4 ;

--
-- 转存表中的数据 `zyb_users_group`
--

INSERT INTO `zyb_users_group` (`id`, `name`, `package`, `maxaccount`, `maxsubaccount`, `timelimit`) VALUES
(1, '体验用户组', 'a:1:{i:0;i:1;}', 1, 1, 0),
(2, '白金用户组', 'a:1:{i:0;i:1;}', 2, 2, 0),
(3, '黄金用户组', 'a:1:{i:0;i:1;}', 3, 3, 0);

-- --------------------------------------------------------

--
-- 表的结构 `zyb_users_invitation`
--

CREATE TABLE IF NOT EXISTS `zyb_users_invitation` (
  `id` int(10) unsigned NOT NULL AUTO_INCREMENT,
  `code` varchar(64) NOT NULL,
  `fromuid` int(10) unsigned NOT NULL,
  `inviteuid` int(10) unsigned NOT NULL,
  `createtime` int(10) unsigned NOT NULL,
  PRIMARY KEY (`id`),
  UNIQUE KEY `idx_code` (`code`)
) ENGINE=MyISAM DEFAULT CHARSET=utf8 AUTO_INCREMENT=1 ;

-- --------------------------------------------------------

--
-- 表的结构 `zyb_users_permission`
--

CREATE TABLE IF NOT EXISTS `zyb_users_permission` (
  `id` int(10) unsigned NOT NULL AUTO_INCREMENT,
  `uniacid` int(10) unsigned NOT NULL,
  `uid` int(10) unsigned NOT NULL,
  `type` varchar(30) NOT NULL,
  `permission` varchar(10000) NOT NULL,
  `url` varchar(255) NOT NULL,
  PRIMARY KEY (`id`)
) ENGINE=MyISAM DEFAULT CHARSET=utf8 AUTO_INCREMENT=1 ;

-- --------------------------------------------------------

--
-- 表的结构 `zyb_users_profile`
--

CREATE TABLE IF NOT EXISTS `zyb_users_profile` (
  `id` int(10) unsigned NOT NULL AUTO_INCREMENT,
  `uid` int(10) unsigned NOT NULL,
  `createtime` int(10) unsigned NOT NULL,
  `realname` varchar(10) NOT NULL,
  `nickname` varchar(20) NOT NULL,
  `avatar` varchar(100) NOT NULL,
  `qq` varchar(15) NOT NULL,
  `mobile` varchar(11) NOT NULL,
  `fakeid` varchar(30) NOT NULL,
  `vip` tinyint(3) unsigned NOT NULL,
  `gender` tinyint(1) NOT NULL,
  `birthyear` smallint(6) unsigned NOT NULL,
  `birthmonth` tinyint(3) unsigned NOT NULL,
  `birthday` tinyint(3) unsigned NOT NULL,
  `constellation` varchar(10) NOT NULL,
  `zodiac` varchar(5) NOT NULL,
  `telephone` varchar(15) NOT NULL,
  `idcard` varchar(30) NOT NULL,
  `studentid` varchar(50) NOT NULL,
  `grade` varchar(10) NOT NULL,
  `address` varchar(255) NOT NULL,
  `zipcode` varchar(10) NOT NULL,
  `nationality` varchar(30) NOT NULL,
  `resideprovince` varchar(30) NOT NULL,
  `residecity` varchar(30) NOT NULL,
  `residedist` varchar(30) NOT NULL,
  `graduateschool` varchar(50) NOT NULL,
  `company` varchar(50) NOT NULL,
  `education` varchar(10) NOT NULL,
  `occupation` varchar(30) NOT NULL,
  `position` varchar(30) NOT NULL,
  `revenue` varchar(10) NOT NULL,
  `affectivestatus` varchar(30) NOT NULL,
  `lookingfor` varchar(255) NOT NULL,
  `bloodtype` varchar(5) NOT NULL,
  `height` varchar(5) NOT NULL,
  `weight` varchar(5) NOT NULL,
  `alipay` varchar(30) NOT NULL,
  `msn` varchar(30) NOT NULL,
  `email` varchar(50) NOT NULL,
  `taobao` varchar(30) NOT NULL,
  `site` varchar(30) NOT NULL,
  `bio` text NOT NULL,
  `interest` text NOT NULL,
  `workerid` varchar(64) NOT NULL,
  PRIMARY KEY (`id`)
) ENGINE=MyISAM DEFAULT CHARSET=utf8 AUTO_INCREMENT=1 ;

-- --------------------------------------------------------

--
-- 表的结构 `zyb_video_reply`
--

CREATE TABLE IF NOT EXISTS `zyb_video_reply` (
  `id` int(10) unsigned NOT NULL AUTO_INCREMENT,
  `rid` int(10) unsigned NOT NULL,
  `title` varchar(50) NOT NULL,
  `description` varchar(255) NOT NULL,
  `mediaid` varchar(255) NOT NULL,
  `createtime` int(10) NOT NULL,
  PRIMARY KEY (`id`),
  KEY `rid` (`rid`)
) ENGINE=MyISAM DEFAULT CHARSET=utf8 AUTO_INCREMENT=1 ;

-- --------------------------------------------------------

--
-- 表的结构 `zyb_voice_reply`
--

CREATE TABLE IF NOT EXISTS `zyb_voice_reply` (
  `id` int(10) unsigned NOT NULL AUTO_INCREMENT,
  `rid` int(10) unsigned NOT NULL,
  `title` varchar(50) NOT NULL,
  `mediaid` varchar(255) NOT NULL,
  `createtime` int(10) NOT NULL,
  PRIMARY KEY (`id`),
  KEY `rid` (`rid`)
) ENGINE=MyISAM DEFAULT CHARSET=utf8 AUTO_INCREMENT=1 ;

-- --------------------------------------------------------

--
-- 表的结构 `zyb_wechat_attachment`
--

CREATE TABLE IF NOT EXISTS `zyb_wechat_attachment` (
  `id` int(10) unsigned NOT NULL AUTO_INCREMENT,
  `uniacid` int(10) unsigned NOT NULL,
  `acid` int(10) unsigned NOT NULL,
  `uid` int(10) unsigned NOT NULL,
  `filename` varchar(255) NOT NULL,
  `attachment` varchar(255) NOT NULL,
  `media_id` varchar(255) NOT NULL,
  `width` int(10) unsigned NOT NULL,
  `height` int(10) unsigned NOT NULL,
  `type` varchar(15) NOT NULL,
  `model` varchar(25) NOT NULL,
  `tag` varchar(5000) NOT NULL,
  `createtime` int(10) unsigned NOT NULL,
  PRIMARY KEY (`id`),
  KEY `uniacid` (`uniacid`),
  KEY `media_id` (`media_id`),
  KEY `acid` (`acid`)
) ENGINE=MyISAM DEFAULT CHARSET=utf8 AUTO_INCREMENT=1 ;

-- --------------------------------------------------------

--
-- 表的结构 `zyb_wechat_news`
--

CREATE TABLE IF NOT EXISTS `zyb_wechat_news` (
  `id` int(10) unsigned NOT NULL AUTO_INCREMENT,
  `uniacid` int(10) unsigned DEFAULT NULL,
  `attach_id` int(10) unsigned NOT NULL,
  `thumb_media_id` varchar(60) NOT NULL,
  `thumb_url` varchar(255) NOT NULL,
  `title` varchar(50) NOT NULL,
  `author` varchar(30) NOT NULL,
  `digest` varchar(255) NOT NULL,
  `content` text NOT NULL,
  `content_source_url` varchar(200) NOT NULL,
  `show_cover_pic` tinyint(3) unsigned NOT NULL,
  `url` varchar(200) NOT NULL,
  PRIMARY KEY (`id`),
  KEY `uniacid` (`uniacid`),
  KEY `attach_id` (`attach_id`)
) ENGINE=MyISAM DEFAULT CHARSET=utf8 AUTO_INCREMENT=1 ;

-- --------------------------------------------------------

--
-- 表的结构 `zyb_wxcard_reply`
--

CREATE TABLE IF NOT EXISTS `zyb_wxcard_reply` (
  `id` int(10) unsigned NOT NULL AUTO_INCREMENT,
  `rid` int(10) unsigned NOT NULL,
  `title` varchar(30) NOT NULL,
  `card_id` varchar(50) NOT NULL,
  `cid` int(10) unsigned NOT NULL,
  `brand_name` varchar(30) NOT NULL,
  `logo_url` varchar(255) NOT NULL,
  `success` varchar(255) NOT NULL,
  `error` varchar(255) NOT NULL,
  PRIMARY KEY (`id`),
  KEY `rid` (`rid`)
) ENGINE=MyISAM DEFAULT CHARSET=utf8 AUTO_INCREMENT=1 ;

/*!40101 SET CHARACTER_SET_CLIENT=@OLD_CHARACTER_SET_CLIENT */;
/*!40101 SET CHARACTER_SET_RESULTS=@OLD_CHARACTER_SET_RESULTS */;
/*!40101 SET COLLATION_CONNECTION=@OLD_COLLATION_CONNECTION */;
